sample	line	cond	oxy	days	rate	prolif	splice	splice96
Sample_294	HC1	2-Deoxyglucose	21	113.9986111	0.112231965410639	-0.124632288105624	-0.471391609396183	-0.633370876999375
Sample_298	HC1	2-Deoxyglucose	21	162.9743056	0.120384257823113	-0.162893628550282	-0.400545177795022	-0.434449690515424
Sample_293	HC1	2-Deoxyglucose	21	99.95	0.120534488856228	-0.237129380742553	-0.419120163756872	-0.542604875531065
Sample_295	HC1	2-Deoxyglucose	21	127.9916667	0.146512474025032	-0.14022082013009	-0.345724420093091	-0.421506634879854
Sample_296	HC1	2-Deoxyglucose	21	142.0576389	0.149761514055361	-0.0908330458152949	-0.0649616703716947	-0.116165346667378
Sample_297	HC1	2-Deoxyglucose	21	156.0854167	0.159333039756011	-0.00565736445066537	-0.374076171761814	-0.429508389869435
Sample_349	HC2	2-Deoxyglucose	21	156.8854167	0.185042940420959	-0.518582967030526	-0.412399646998218	-0.522260005445882
Sample_291	HC1	2-Deoxyglucose	21	71.8875	0.185679540916495	-0.365900837224411	-0.560281347415222	-0.614151297879529
Sample_289	HC1	2-Deoxyglucose	21	43.93611111	0.207098425913725	0.538455936169689	0.0404130138529891	-0.0973772455529359
Sample_292	HC1	2-Deoxyglucose	21	93.00555556	0.234362287905706	0.193753876005182	-0.260820668817243	-0.362315236519611
Sample_346	HC2	2-Deoxyglucose	21	121.9375	0.237071514142462	-0.326194958986175	-0.312577695876595	-0.41067822261995
Sample_348	HC2	2-Deoxyglucose	21	142.8576389	0.240938721207132	0.0872828942132229	-0.129736546371477	-0.195779669729302
Sample_290	HC1	2-Deoxyglucose	21	57.95347222	0.241149816650087	0.272770774605175	-0.294705157016295	-0.447886335836943
Sample_341	HC2	2-Deoxyglucose	21	44.73611111	0.246077813233023	0.923744926437303	0.186332447268821	0.0443445292812739
Sample_343	HC2	2-Deoxyglucose	21	72.6875	0.264042693871143	0.22338961454498	-0.239118814052874	-0.304009634137577
Sample_350	HC2	2-Deoxyglucose	21	163.7743056	0.264275859689025	-0.392517853369528	-0.464562864157276	-0.475735553054077
Sample_288	HC1	2-Deoxyglucose	21	29.88055556	0.285536673133542	0.891823373695138	0.136401580632736	0.0683134240407756
Sample_342	HC2	2-Deoxyglucose	21	58.75347222	0.309565375183057	0.335928283623468	-0.189201133675647	-0.192559925464575
Sample_347	HC2	2-Deoxyglucose	21	128.7916667	0.31049885505352	0.18046612283552	-0.211541696473849	-0.269827438738752
Sample_345	HC2	2-Deoxyglucose	21	107.7743056	0.320905812836642	0.898491847427319	0.292678451381274	0.218928771040894
Sample_344	HC2	2-Deoxyglucose	21	93.80555556	0.33936054943525	0.978591995667211	0.118078684639299	0.00350635654639223
Sample_340	HC2	2-Deoxyglucose	21	30.68055556	0.3779449398256	1.27052316799155	0.31541278365396	0.133577297062641
Sample_287	HC1	2-Deoxyglucose	21	15.88055556	0.689965952112168	1.425102328329	0.683153279487813	0.686083322909967
Sample_339	HC2	2-Deoxyglucose	21	16.68055556	0.780269738136589	1.44652170335992	0.644437479345332	0.532022270171665
Sample_251	HC1	Contact_Inhibition	3	141.575	0.0306528656141141	-0.816132269170713	-1.12399845149513	-1.1457667159004
Sample_257	HC2	Contact_Inhibition	3	142.375	0.0338001952868531	-0.323617726341418	-0.640007248211774	-0.668203951683615
Sample_230	HC1	Contact_Inhibition	21	141.575	0.0406117963932285	-1.80772304227378	-0.768988040484417	-0.733552339320249
Sample_250	HC1	Contact_Inhibition	3	121.1166667	0.0430196684836268	-0.733499689999409	-1.10297912586445	-1.08653021895567
Sample_237	HC2	Contact_Inhibition	21	142.375	0.0433479400466649	-1.9325263199507	-0.500372281791483	-0.578065266248773
Sample_229	HC1	Contact_Inhibition	21	121.1166667	0.0467993136181008	-1.53851256957556	-0.457783797205964	-0.480861424948086
Sample_256	HC2	Contact_Inhibition	3	121.9166667	0.0481852623787712	-0.514000833577318	-1.40891960299597	-1.52788775240696
Sample_249	HC1	Contact_Inhibition	3	100.4083333	0.048635429561897	-0.863535517298294	-0.846238826492774	-0.907590974718728
Sample_244	HC4	Contact_Inhibition	3	134.375	0.0500241670711367	-0.74912524147172	-0.72247648649071	-0.805160452879137
Sample_223	HC4	Contact_Inhibition	21	134.375	0.0523087668980913	-1.84391150661605	-0.251672998910233	-0.364997336545559
Sample_236	HC2	Contact_Inhibition	21	121.9166667	0.0528203408914319	-1.62288877904257	-2.49564616208783	-1.94616847502843
Sample_255	HC2	Contact_Inhibition	3	101.2083333	0.0571309770962353	-0.64766656122462	-0.892554315799132	-1.01618803289318
Sample_228	HC1	Contact_Inhibition	21	100.4083333	0.0571526171088886	-1.50487216320088	-0.414698734233198	-0.416023604691609
Sample_235	HC2	Contact_Inhibition	21	101.2083333	0.0586392260368836	-1.64022776413064	-0.52779493791951	-0.580030609000891
Sample_222	HC4	Contact_Inhibition	21	113.9166667	0.062555425491676	-1.46530376123564	-0.475966338783175	-0.551353803564694
Sample_243	HC4	Contact_Inhibition	3	113.9166667	0.0637621185664852	-0.786738829722084	-0.724906504849217	-0.846064722104869
Sample_242	HC4	Contact_Inhibition	3	93.20833333	0.0712141408393108	-0.892310833817925	-0.441659760000154	-0.559996864773016
Sample_221	HC4	Contact_Inhibition	21	93.20833333	0.0760721022999273	-1.40521256201794	-0.246074010238341	-0.355988092619994
Sample_248	HC1	Contact_Inhibition	3	80.36666667	0.0784551712586083	-0.286134436797244	-0.934814795600789	-1.0115710574448
Sample_227	HC1	Contact_Inhibition	21	80.36666667	0.0790858602756515	-1.38724775747979	-0.219914128636303	-0.281319293629588
Sample_254	HC2	Contact_Inhibition	3	81.16666667	0.0825250121861591	-0.157560188924984	-0.825967718574905	-0.891957254950514
Sample_234	HC2	Contact_Inhibition	21	81.16666667	0.0833085124009339	-1.61596033752134	-0.413944721788465	-0.453580922443531
Sample_241	HC4	Contact_Inhibition	3	73.16666667	0.0990388500377935	-0.50804596553577	-0.475201565153788	-0.55125108812241
Sample_220	HC4	Contact_Inhibition	21	73.16666667	0.0994020138034557	-1.12103977107975	-0.17814252030327	-0.259168958171375
Sample_226	HC1	Contact_Inhibition	21	60.11666667	0.112111114379306	-1.35195280452664	-0.457550093345166	-0.463983066578265
Sample_247	HC1	Contact_Inhibition	3	60.11666667	0.119251868335791	-0.388603302194785	-0.917376785037022	-0.928830661274412
Sample_233	HC2	Contact_Inhibition	21	60.91666667	0.125688962739999	-1.47293301222367	-0.536900130325049	-0.529506601637993
Sample_240	HC4	Contact_Inhibition	3	52.91666667	0.148691463359223	-1.17407358333619	-0.727682475515877	-0.853510660971233
Sample_219	HC4	Contact_Inhibition	21	52.91666667	0.149531102797727	-0.978336651861296	-0.213930924560514	-0.222478441670697
Sample_225	HC1	Contact_Inhibition	21	32.15833333	0.229357541496864	-1.30932325139472	-0.487031244395797	-0.517567382502368
Sample_232	HC2	Contact_Inhibition	21	32.95833333	0.266391775779677	-1.1806027694235	-0.155648212714845	-0.274809829371632
Sample_246	HC1	Contact_Inhibition	3	32.15833333	0.268279683688313	-0.704307651751389	-0.764277802516564	-0.755920624908765
Sample_253	HC2	Contact_Inhibition	3	32.95833333	0.268290652222886	-0.359390523465127	-0.940147406374661	-1.06405800526184
Sample_239	HC4	Contact_Inhibition	3	24.95833333	0.336248530428074	-0.889653653907154	-0.638178314045772	-0.723838236233185
Sample_218	HC4	Contact_Inhibition	21	24.95833333	0.339825335107349	-0.685040875820912	-0.211326139321296	-0.229731086969235
Sample_245	HC1	Contact_Inhibition	3	21.49166667	0.421517499268949	-0.669798571932009	-0.229428492815852	-0.191633719779496
Sample_224	HC1	Contact_Inhibition	21	21.49166667	0.470686775047138	-0.473986009467079	0.337912491782043	0.492843816498334
Sample_252	HC2	Contact_Inhibition	3	22.29166667	0.47928482345613	-0.0601118010641851	-0.300212924367468	-0.367153574067064
Sample_231	HC2	Contact_Inhibition	21	22.29166667	0.570210992564864	-0.284434753432925	-0.0716769128954474	0.00901149520587688
Sample_217	HC4	Contact_Inhibition	21	14.29166667	0.6256289170532	-0.14363334928723	-0.0846147630064383	0.0147232016252324
Sample_238	HC4	Contact_Inhibition	3	14.29166667	0.65573535107895	0.551687783380224	-0.265249614300767	-0.281688317529345
Sample_49	HC3	Control	21	140.375	0.00439131350645136	-0.926602080331336	-0.558801201684724	-0.546317524420112
Sample_275	HC1	Control	21	162.9430556	0.0294150667057307	-1.28949138247275	-0.652058577657934	-0.700321733536362
Sample_327	HC2	Control	21	149.7534722	0.0359913822522266	-1.09916082033835	-0.893200026572979	-1.32616727521221
Sample_14	SURF1_2	Control	21	135.875	0.0610165635278609	-1.59953579921894	-0.534492113037797	-0.408416925651915
Sample_273	HC1	Control	21	142.0263889	0.0622789251098772	-1.1413314912825	-0.576807972285013	-0.611772968661049
Sample_29	HC1	Control	21	157.9166667	0.0623060810035414	-1.0821643889823	-0.628716948276578	-0.643117588733149
Sample_31	HC1	Control	21	202	0.0643811353771762	-1.20650497126707	-0.565772516848443	-0.586178708933109
Sample_272	HC1	Control	21	127.95	0.0790260213043603	-1.20269439377087	-0.65761125467255	-0.720250859972285
Sample_19	SURF1_3	Control	21	83.16666667	0.0827260594559173	-0.0727433421752871	-0.250665500828838	-0.200834360183453
Sample_42	HC2	Control	21	202.25	0.0874853904501263	-1.30851060242365	-0.721529804707825	-0.548534476462774
Sample_20	SURF1_3	Control	21	98.125	0.0916515901932971	-0.318442201572892	-0.525079530701689	-0.540326839318316
Sample_39	HC2	Control	21	136.2916667	0.0938305811533059	-0.790020562347839	-0.669533310589477	-0.5631161256896
Sample_6	SURF1_1	Control	21	100.2916667	0.0962780659197095	-1.47209678152036	-1.17696457139663	-1.08417147892509
Sample_28	HC1	Control	21	134.9583333	0.106695538479379	0.0153603642395848	-0.234911464205809	-0.246802205566537
Sample_40	HC2	Control	21	158.2083333	0.110253334350935	-0.960170318407092	-0.670108585212107	-0.597256518431277
Sample_4	SURF1_1	Control	21	70.125	0.114858747420718	-1.42020161545523	-0.46002779084287	-0.355362334661535
Sample_18	SURF1_3	Control	21	68.29166667	0.115271708630261	-1.11616226444778	-0.538849155440886	-0.538050495889993
Sample_47	HC3	Control	21	85.08333333	0.127740638269448	-0.976846216575657	-0.3676891799051	-0.298298997939185
Sample_30	HC1	Control	21	180.875	0.138034749509703	-0.780788702959333	-0.441318261390274	-0.4571867675383
Sample_17	SURF1_3	Control	21	53.04166667	0.152543496629221	-1.45153907673947	-0.458572467997168	-0.458028619946084
Sample_48	HC3	Control	21	100.2916667	0.16116724290481	-0.939716406022387	-0.570201394884094	-0.491756418264178
Sample_11	SURF1_2	Control	21	69	0.163737295361444	-0.9335781587552	-0.44520907784867	-0.42413374053261
Sample_41	HC2	Control	21	182.0833333	0.17158136083109	-0.651612053082141	-0.566562531151524	-0.493767715129834
Sample_13	SURF1_2	Control	21	115.9166667	0.187961038029462	-1.39491996203854	-0.500837401268325	-0.326908344430931
Sample_3	SURF1_1	Control	21	55.04166667	0.196794720099993	-1.06480195460474	-0.338638985821857	-0.284164513998025
Sample_27	HC1	Control	21	115	0.19709072589269	-0.476680932164212	-0.250400473736517	-0.287248047801427
Sample_326	HC2	Control	21	128.75	0.217247540591058	-0.840283910019864	-0.593193205886336	-0.988007043466929
Sample_5	SURF1_1	Control	21	85.08333333	0.229984741758135	-1.21972799326499	-0.950811994566252	-0.932839068502366
Sample_12	SURF1_2	Control	21	84	0.236297724586224	-0.892696080827752	-0.693491404388677	-0.560389889372102
Sample_211	HC1	Control	3	69.375	0.238528060986727	1.04445887999533	0.0824775409297549	0.0695201747920498
Sample_325	HC2	Control	21	121.9166667	0.249390519160318	-0.612112136608375	-0.566298646184244	-1.03430944519316
Sample_38	HC2	Control	21	115.3333333	0.252177028446711	-0.337730509412169	-0.264642715219628	-0.163585684381066
Sample_210	HC1	Control	3	55.25	0.257521709847608	-0.166639044895421	-0.187565909543847	-0.180784123989839
Sample_46	HC3	Control	21	70.125	0.275632967595145	-0.39350885612789	0.0589593662677839	0.17512262972559
Sample_324	HC2	Control	21	114.75	0.285634842639569	-0.435724334549768	-0.517602301689761	-0.969506695246077
Sample_26	HC1	Control	21	98.08333333	0.314486038957327	-0.500285629068737	-0.46024850691341	-0.488937581174217
Sample_10	SURF1_2	Control	21	53.875	0.319871796791282	-1.08800714731058	-0.560685114792551	-0.463655911439598
Sample_188	HC1	Control	21	69.25	0.3371575091332	-0.870884462405063	-0.370822156056724	-0.339247594118515
Sample_323	HC2	Control	21	107.7083333	0.34411722166415	-0.516025351280382	-0.308621817142865	-0.673230557593949
Sample_187	HC1	Control	21	62.33333333	0.356555576628007	-0.98893106455473	-0.246053005293309	-0.267732060787572
Sample_209	HC1	Control	3	41.33333333	0.362676846757523	-0.556168354794054	-0.349025669025475	-0.335647053426186
Sample_25	HC1	Control	21	83.08333333	0.398835914956111	-0.875848609351281	-0.102403330105816	-0.0533467382294965
Sample_1	SURF1_1	Control	21	22.41666667	0.403033832674916	-0.821246729577518	-0.262318374221931	-0.353513684223871
Sample_16	SURF1_3	Control	21	38.04166667	0.405915582187615	-0.923565465317225	-0.244168126655816	-0.165087163351493
Sample_45	HC3	Control	21	55.04166667	0.408169571734256	-0.387899954236721	-0.139878795541068	-0.0851677282504692
Sample_2	SURF1_1	Control	21	39.125	0.429657940128135	-1.103753767367	-0.0361397302064147	-0.0185556570932039
Sample_206	HC4	Control	3	69.375	0.465595235625412	0.829242705159505	-0.147802835538492	-0.272629742816381
Sample_322	HC2	Control	21	100.7048611	0.474406470657568	-0.647872320547135	-0.510336005601803	-0.954432592231736
Sample_36	HC2	Control	21	83.16666667	0.483629281711367	0.854748139048239	0.372358900070711	0.488031759400761
Sample_186	HC1	Control	21	48.16666667	0.491188495592303	-0.704246932125012	0.127357873790688	0.156411602792687
Sample_37	HC2	Control	21	98.125	0.52277369241234	0.169868017021272	0.133592034306453	0.250965030533906
Sample_24	HC1	Control	21	68.08333333	0.52747739046628	-0.265971755073451	0.144882212111236	0.233999202481308
Sample_9	SURF1_2	Control	21	38.25	0.529933958199308	-0.752243994035552	-0.418704555437065	-0.310605976342159
Sample_44	HC3	Control	21	39.125	0.532853674914433	-0.0731488489929947	0.205973759750939	0.285158318404331
Sample_184	HC1	Control	21	20.375	0.55650668073714	-0.352349181789884	0.0695523201445406	0.0822897870077745
Sample_316	HC2	Control	21	51.76388889	0.561594422237459	-1.2515555850269	-0.467404719220545	-0.45454271727033
Sample_208	HC1	Control	3	27.66666667	0.569218948716966	-0.827571044167518	-0.328706323027402	-0.297826752448877
Sample_23	HC1	Control	21	52.95833333	0.572428439407186	-0.119495970009607	0.0245984758132804	0.104234867407858
Sample_185	HC1	Control	21	34.29166667	0.579795711150578	0.302814941516869	0.357910793109396	0.399443563671687
Sample_321	HC2	Control	21	93.78472222	0.590524596742846	-0.00827431734975944	-0.09044618621678	-0.394849773326418
Sample_183	HC4	Control	21	55.125	0.606790152619237	1.25250688291255	0.568534960051493	0.565796022254962
Sample_8	SURF1_2	Control	21	21.125	0.607709956510749	0.595427530705477	0.575057531392606	0.637142418076879
Sample_214	HC2	Control	3	42.20833333	0.614834441189807	0.0186134735518741	-0.158508887508607	-0.186894423749784
Sample_178	HC4	Control	21	20.375	0.623621282478165	0.576585880765071	0.263926315690439	0.220883819544027
Sample_205	HC4	Control	3	55.25	0.625273822224439	1.06225258499465	0.0586486277706115	-0.0138533611926077
Sample_261	HC1	Control	21	29.92916667	0.627293476594084	1.55158336360238	1.07281389312089	1.08060586144218
Sample_320	HC2	Control	21	83.89583333	0.627682326046543	0.429835249152787	0.413343935908654	0.5009509782952
Sample_15	SURF1_3	Control	21	22.08333333	0.628089238765162	1.24766221981144	1.04316536134208	1.07361837957926
Sample_182	HC4	Control	21	48.16666667	0.629524673673079	1.05663947596355	0.556707967872075	0.547410769697997
Sample_213	HC2	Control	3	28.54166667	0.642516211191998	-0.269877239069833	-0.336089644372429	-0.272757454988796
Sample_22	HC1	Control	21	37.33333333	0.648005098322672	0.976188042982624	0.611313844282465	0.710391198211207
Sample_207	HC1	Control	3	13.25	0.649273785066577	1.13047475925628	0.81404573819526	0.861596822478996
Sample_180	HC4	Control	21	34.29166667	0.65162794055301	0.726407739609635	0.258685378084485	0.207369813240672
Sample_317	HC2	Control	21	58.72916667	0.655607220093703	0.702673030327624	0.510022055925143	0.519017344752091
Sample_43	HC3	Control	21	22.41666667	0.656146418880904	1.36982320498292	1.04492291535915	1.10052458286118
Sample_203	HC4	Control	3	27.66666667	0.661364669067657	1.01735818914941	-0.221205289846942	-0.193766869510083
Sample_204	HC4	Control	3	41.33333333	0.663406949909034	1.0713062257293	0.136833343825667	0.107210824384644
Sample_215	HC2	Control	3	56.125	0.664421383425305	0.319134612457916	-0.0788816801498753	-0.0287635293101277
Sample_216	HC2	Control	3	70.25	0.668474216491565	0.428738623611493	-0.0361921768094014	0.0110083674021796
Sample_260	HC1	Control	21	22.87013889	0.677304394625587	0.695050003032287	0.4079601893736	0.410229430176454
Sample_181	HC4	Control	21	41.16666667	0.682698743725307	1.03016287277979	0.576472177785543	0.603391820901278
Sample_192	HC2	Control	21	63.20833333	0.684287371367418	0.13691073784253	0.321451629527717	0.363196478721264
Sample_319	HC2	Control	21	72.66319444	0.689719017404171	-0.844183528832209	-0.203643942152085	-0.121530393501597
Sample_259	HC1	Control	21	15.88055556	0.689965952112168	0.388281187539954	0.636172448759622	0.696484543087168
Sample_318	HC2	Control	21	65.69791667	0.694976800091893	0.775751109581671	0.461170407205698	0.531973927799404
Sample_191	HC2	Control	21	49.04166667	0.697605652330265	-0.0737675868008723	0.30796279319124	0.366011909590953
Sample_190	HC2	Control	21	35.16666667	0.699660710616348	0.0570445612161097	0.231699926131718	0.239231999463352
Sample_212	HC2	Control	3	14.125	0.6999825249071	1.13879545613138	0.653565357501447	0.674794508433896
Sample_179	HC4	Control	21	27.25	0.70106196407707	0.793487110322945	0.572951158508309	0.638892725591148
Sample_21	HC1	Control	21	21.20833333	0.70878102384156	1.34555298026125	1.00367920930915	1.02648596117123
Sample_193	HC2	Control	21	70.125	0.716256561577118	0.691573640526121	0.365368211063147	0.446167725226832
Sample_315	HC2	Control	21	44.69791667	0.720967424948201	1.6204907500902	1.03064074222302	1.01470345964405
Sample_35	HC2	Control	21	68.29166667	0.731660728576279	1.04677989214017	0.419906952008306	0.469124947676927
Sample_189	HC2	Control	21	21.25	0.739492418424694	0.138175700929555	0.126444633018323	0.128467199396912
Sample_313	HC2	Control	21	30.72916667	0.750462590300091	0.518812491193678	0.638424981025357	0.735176593513991
Sample_34	HC2	Control	21	53.04166667	0.752319058291941	1.02172512128348	0.506438718322916	0.536602129304785
Sample_314	HC2	Control	21	37.66319444	0.76313561582931	0.438388011027475	0.506396871969177	0.571533542359058
Sample_312	HC2	Control	21	23.67013889	0.764045954607237	0.405035080859013	0.396334272050676	0.351314586351114
Sample_202	HC4	Control	3	13.25	0.767379158828657	1.66416669705186	1.11132799567304	1.21564148106977
Sample_311	HC2	Control	21	16.68055556	0.780269738136589	0.310202033118088	0.703423134592055	0.712687352088141
Sample_33	HC2	Control	21	38.04166667	0.788748398404475	1.60661286051017	0.974794970234357	0.996864005213285
Sample_32	HC2	Control	21	22.08333333	0.795483631869098	1.70758182711985	1.21386205987812	1.18269456583906
Sample_310	HC2	Control	21	11.64583333	0.818295113464979	1.52661036639694	0.954477219727081	0.889450511976043
Sample_258	HC1	Control	21	10.84583333	0.829746489650127	1.02116642250545	0.702416469654762	0.798618598661645
Sample_75	HC1	DEX	21	83.08333333	0.0412721062693851	0.500768363253463	0.266799590995277	0.146244471698377
Sample_100	HC3	DEX	21	140.375	0.0524444373900849	-1.03468391894432	-0.455343168882231	-0.480233668021206
Sample_61	SURF1_2	DEX	21	63.04166667	0.0738369364746664	1.20237876259995	0.400943809689888	0.492060900456181
Sample_93	HC2	DEX	21	258.25	0.077228561453427	-0.0139792070529899	-0.266224648991989	-0.349795996229767
Sample_91	HC2	DEX	21	182.0833333	0.0849646833690692	0.648382663587989	0.0551458114578544	-0.0127033765747497
Sample_89	HC2	DEX	21	136.2916667	0.0896341553267409	0.179064684818317	-0.113915139540718	-0.137893706015473
Sample_78	HC1	DEX	21	134.9583333	0.0910162687021907	-0.0269430141873497	-0.0389345508443713	0.0101433448801273
Sample_60	SURF1_2	DEX	21	47.91666667	0.0952575315167848	0.37287427422139	0.064268133780146	0.191493147772276
Sample_56	SURF1_1	DEX	21	117.3333333	0.0960261717410557	-0.964561825123019	-0.815498143265166	-0.691586057606272
Sample_67	SURF1_3	DEX	21	68.29166667	0.102835949484459	-0.254928211579059	-0.492567348890419	-0.408259231971674
Sample_90	HC2	DEX	21	158.2083333	0.103831736445139	0.168011035298513	-0.22917306196966	-0.322016973562756
Sample_92	HC2	DEX	21	202.25	0.113897009770732	0.412869370449541	-0.193711167210675	-0.209951041206813
Sample_99	HC3	DEX	21	100.2916667	0.117233158995349	-0.290156504285532	-0.377910534568914	-0.418659355982966
Sample_68	SURF1_3	DEX	21	83.16666667	0.122596080815285	0.0949620576919933	-0.299188342981656	-0.283494562012746
Sample_63	SURF1_2	DEX	21	109.9583333	0.124608095597736	0.418936069501522	-0.0881527239587353	-0.155491107166479
Sample_81	HC1	DEX	21	202	0.125037574181784	-0.14429144156657	-0.21660317430269	-0.115135460353194
Sample_80	HC1	DEX	21	180.875	0.129075047483685	-0.00103593582193035	-0.1162737664953	-0.0111531017543599
Sample_55	SURF1_1	DEX	21	100.2916667	0.146007114422961	-0.0876018915074141	-0.329066879532823	-0.331238876225691
Sample_98	HC3	DEX	21	85.08333333	0.148130827996804	-0.100279231717753	-0.208159908316013	-0.275445428384613
Sample_77	HC1	DEX	21	115	0.150381371010405	0.233582149408442	0.137539412263749	0.150022282594172
Sample_53	SURF1_1	DEX	21	55.04166667	0.155056661822923	0.097507573915277	-0.080852720925157	-0.00974499563428511
Sample_97	HC3	DEX	21	70.125	0.155443431660754	0.118506825482552	0.00802620540509453	-0.0155434867468999
Sample_79	HC1	DEX	21	157.9166667	0.174539891356161	0.192783217621095	-0.0630544276565529	-0.0392459608106377
Sample_66	SURF1_3	DEX	21	53.04166667	0.180477228219178	-0.17114335141939	-0.321955704041831	-0.168998202296574
Sample_88	HC2	DEX	21	115.3333333	0.188659919803278	0.878646187481643	0.332277403721177	0.293477474265452
Sample_86	HC2	DEX	21	83.16666667	0.190703055371409	1.1935170113842	0.476148920154077	0.466431955427098
Sample_201	HC4	DEX	21	69.25	0.207066672168313	0.589184336318856	0.253938338048388	0.306901112312762
Sample_62	SURF1_2	DEX	21	78.04166667	0.208142999749679	1.28334148739372	0.53317717370472	0.593953937463568
Sample_96	HC3	DEX	21	55.04166667	0.219413379898118	0.488088565501148	0.187993630518655	0.154141809163836
Sample_198	HC4	DEX	21	48.16666667	0.234365825173014	1.17573081365092	0.553292596725307	0.545404747900836
Sample_199	HC4	DEX	21	55.125	0.26532106488464	1.03623559544452	0.466554843188775	0.419608914884635
Sample_200	HC4	DEX	21	62.33333333	0.270121215071945	0.903308640133687	0.376429154199202	0.4082913088723
Sample_74	HC1	DEX	21	68.08333333	0.275720297138231	0.669984841976062	0.455965196113147	0.442580248148855
Sample_76	HC1	DEX	21	98.08333333	0.281039514379851	0.28717064413046	0.119305535563701	0.153287436299435
Sample_59	SURF1_2	DEX	21	32.29166667	0.312707884251885	1.39975909671069	0.513413140894437	0.334613039045943
Sample_196	HC4	DEX	21	34.29166667	0.322002875963588	1.31347033120084	0.522817044426401	0.526336620969472
Sample_52	SURF1_1	DEX	21	39.125	0.327849772498021	1.12279058987432	0.391945461855933	0.396243586510356
Sample_197	HC4	DEX	21	41.16666667	0.338750291264028	0.941992883664807	0.46658210839136	0.512652076228861
Sample_73	HC1	DEX	21	52.95833333	0.344708183699969	0.605453335211463	0.340790610869437	0.35474967643109
Sample_54	SURF1_1	DEX	21	85.08333333	0.346626420250449	-0.0403260809760291	-0.276660485024586	-0.202730447108014
Sample_95	HC3	DEX	21	39.125	0.350158864903104	0.657440211097029	0.423107709534291	0.435485448605891
Sample_87	HC2	DEX	21	98.125	0.378918413490144	0.855726215123147	0.276555423766939	0.193874347332741
Sample_85	HC2	DEX	21	68.29166667	0.404877881669611	1.38719993925645	0.717917241120894	0.787509071984675
Sample_72	HC1	DEX	21	37.33333333	0.442603816394598	0.70962857866335	0.575258219902601	0.629416971370833
Sample_84	HC2	DEX	21	53.04166667	0.453669648639725	1.81602483726764	1.10924280150126	1.12817522227306
Sample_51	SURF1_1	DEX	21	22.41666667	0.457240175445052	1.2296454927191	0.500877309633599	0.532670655980765
Sample_194	HC4	DEX	21	20.375	0.489709568478781	1.72459545323777	0.910790467823491	0.886486297933438
Sample_83	HC2	DEX	21	38.04166667	0.497201162055076	1.70967461918722	1.0740052292755	1.13460431692924
Sample_195	HC4	DEX	21	27.25	0.517145373946561	1.7930283239617	0.99618642439084	1.04433204649487
Sample_58	SURF1_2	DEX	21	21.125	0.564314907988849	1.42998398980405	0.769933839396059	0.795996952372033
Sample_65	SURF1_3	DEX	21	22.08333333	0.590134864624657	1.67545890315599	1.16618971030213	1.22046787076083
Sample_94	HC3	DEX	21	22.41666667	0.616758912067726	1.63989211486156	1.25974526152812	1.34273680884459
Sample_71	HC1	DEX	21	21.20833333	0.740496492086695	1.49118600609306	1.31664670646792	1.39310904838992
Sample_82	HC2	DEX	21	22.08333333	0.882696576576336	1.90453322925568	1.4916169166337	1.53544625145419
Sample_283	HC1	Galactose	21	127.95	0.135057620730075	-0.719623144764768	-0.33446524450481	-0.308376284395782
Sample_282	HC1	Galactose	21	113.95	0.146228185432537	-0.973992812649035	-0.32930618274315	-0.373949544902142
Sample_286	HC1	Galactose	21	162.9430556	0.156290429261152	-0.673451193943363	-0.508434542890987	-0.540897553000247
Sample_285	HC1	Galactose	21	156.0541667	0.165745078679513	-0.29689870238601	-0.154636735573317	-0.0940316374839477
Sample_337	HC2	Galactose	21	128.75	0.186275586268315	-0.607704778313294	-0.331425752702183	-0.357294314949951
Sample_284	HC1	Galactose	21	142.0263889	0.209952748087004	-0.209130435155469	0.0500763533106846	0.184817489010553
Sample_281	HC1	Galactose	21	92.98472222	0.299791627431021	-1.01698828010414	-0.181094971155813	-0.187310578725183
Sample_280	HC1	Galactose	21	71.86319444	0.38616056601902	-0.821031142393143	-0.405448897375167	-0.456226186283897
Sample_336	HC2	Galactose	21	121.9166667	0.42805221568057	0.291411941802408	0.224591781451438	0.221972223327232
Sample_335	HC2	Galactose	21	107.7083333	0.433603133548672	0.549887130095238	0.384193393765245	0.33057989414092
Sample_279	HC1	Galactose	21	57.94305556	0.499998120319566	-0.190953696056213	0.191732043600814	0.322302383241282
Sample_333	HC2	Galactose	21	72.66319444	0.54615873708411	0.0242543138690599	0.0286784999137644	0.00380344991473707
Sample_332	HC2	Galactose	21	58.74305556	0.565031475691648	0.538125457013819	0.368084752342562	0.329631248314994
Sample_334	HC2	Galactose	21	93.78472222	0.572934600278097	0.572602570997004	0.424995322098267	0.433102588384128
Sample_331	HC2	Galactose	21	44.71527778	0.624390640263587	0.569949242002983	0.392799712144285	0.332394559042311
Sample_330	HC2	Galactose	21	30.65277778	0.754684390632507	1.61294789386558	1.04832022853732	1.01704943878745
Sample_329	HC2	Galactose	21	16.68055556	0.780269738136589	1.13826580336833	0.974197315243838	0.934611244420512
Sample_165	HC2	Oligomycin	21	202.25	0.0179291723197658	-1.47635099702336	-0.16718582077833	0.254920372913659
Sample_170	HC3	Oligomycin	21	181.375	0.0408514356578162	-1.17053601292009	-0.952515236007742	-1.0700445496385
Sample_163	HC2	Oligomycin	21	143.2083333	0.068390697789315	-1.04714494911136	-0.588679485119417	-0.321605122717018
Sample_169	HC3	Oligomycin	21	85.08333333	0.109145091294021	-1.12134339929145	0.0340886419428289	0.294489933447415
Sample_162	HC2	Oligomycin	21	115.3333333	0.113002691839006	-0.597896307765202	0.0330646143578546	0.511646523156522
Sample_154	HC1	Oligomycin	21	68.08333333	0.135920807916001	-0.575169895697579	-0.0282290766976856	0.0999432357393635
Sample_164	HC2	Oligomycin	21	182.0833333	0.180743431124564	-0.28453998964609	-0.523373477946835	-0.509442698151071
Sample_155	HC1	Oligomycin	21	83.08333333	0.188002011048112	-0.606649441610828	0.824192345036631	1.61749321688793
Sample_156	HC1	Oligomycin	21	115	0.199423477694277	-0.656637462627682	0.822943505123495	1.67450005863923
Sample_161	HC2	Oligomycin	21	83.16666667	0.222473344571741	-0.219054883406732	0.0827921829714738	0.542926619225885
Sample_153	HC1	Oligomycin	21	52.95833333	0.229307223475257	-0.562983919949258	0.799421815494302	1.20726035675511
Sample_159	HC2	Oligomycin	21	53.04166667	0.31019323432085	0.57795771324086	1.42073095799004	2.29370870513338
Sample_168	HC3	Oligomycin	21	39.125	0.443852453932555	0.41939818999863	0.327660137077054	0.33545519263554
Sample_160	HC2	Oligomycin	21	68.29166667	0.461772664197511	1.14174399674367	0.313866181524346	0.30803969671766
Sample_152	HC1	Oligomycin	21	37.33333333	0.498783498429127	-0.0483514442814531	0.373833210371634	0.867407203746113
Sample_158	HC2	Oligomycin	21	38.04166667	0.53543487058079	1.85755664455829	0.953146828337298	0.811852981650962
Sample_167	HC3	Oligomycin	21	22.41666667	0.536117605193636	1.38121764766387	0.895213321641037	0.785478703656922
Sample_151	HC1	Oligomycin	21	21.20833333	0.608290237397806	1.55386966501057	0.955863296812724	0.939416431704258
Sample_157	HC2	Oligomycin	21	22.08333333	0.626622461156952	1.82467162546268	1.27465604472799	1.24858449659918
Sample_173	HC1	Oligomycin+DEX	21	52.95833333	0.155842598936114	0.684805194689919	0.722858806719074	1.34099763811958
Sample_172	HC1	Oligomycin+DEX	21	37.33333333	0.283949348173507	0.956829924932257	0.461969500173874	0.403862784705235
Sample_177	HC3	Oligomycin+DEX	21	22.41666667	0.322710599331639	1.05186514877329	0.551768428912924	0.494238346973251
Sample_174	HC2	Oligomycin+DEX	21	22.08333333	0.371320405259641	0.557809320551112	0.464997825813137	0.370514246250043
Sample_171	HC1	Oligomycin+DEX	21	21.20833333	0.408759255208808	0.367726465498523	0.402566334175304	0.283578768284694
Sample_175	HC3	Oligomycin+DEX	21	17.25	0.802580523781773	1.15148687615179	0.463592290212634	0.375054592938898
Sample_309	HC1	betahydroxybutyrate	21	162.9743056	0.0780327248042436	-1.32623448194903	-0.448757200250282	-0.535209526242255
Sample_307	HC1	betahydroxybutyrate	21	142.0576389	0.1405563101038	-1.23348091467466	-0.226637720686376	-0.346683631163909
Sample_306	HC1	betahydroxybutyrate	21	127.9916667	0.155413148559256	-1.14643897013439	-0.38210827378228	-0.551659051020928
Sample_305	HC1	betahydroxybutyrate	21	113.9986111	0.177310118531268	-1.33033566907939	-0.504269332065395	-0.678861829281408
Sample_308	HC1	betahydroxybutyrate	21	156.0854167	0.179501402365177	-1.27031495790395	-0.394982673625033	-0.473784024263411
Sample_304	HC1	betahydroxybutyrate	21	99.95	0.195928864175859	-1.05449392932567	-0.190684791076003	-0.120930910470329
Sample_358	HC2	betahydroxybutyrate	21	114.7986111	0.261010339129482	-0.470391704570781	-0.647316445912838	-0.934989189149209
Sample_357	HC2	betahydroxybutyrate	21	107.7743056	0.262692030267085	-0.366026490116647	-0.432814021247849	-0.491585788187044
Sample_303	HC1	betahydroxybutyrate	21	71.8875	0.346144560875925	-0.821117761101665	-0.390939098794368	-0.298613748826714
Sample_355	HC2	betahydroxybutyrate	21	72.6875	0.490456912453202	-1.01610971105993	-0.123516208843402	-0.161617745224081
Sample_356	HC2	betahydroxybutyrate	21	93.80555556	0.518482976974521	-0.810530496994191	-0.25678050360569	-0.495910935023245
Sample_301	HC1	betahydroxybutyrate	21	43.94652778	0.526323691600636	0.363191045591655	0.397484248306877	0.442104498234814
Sample_302	HC1	betahydroxybutyrate	21	57.96736111	0.565441222031569	-0.784876982432439	0.0159525474240811	0.0457756305492591
Sample_353	HC2	betahydroxybutyrate	21	44.74652778	0.568767813439107	0.894973947663013	0.229564042334341	0.0584919069334732
Sample_300	HC1	betahydroxybutyrate	21	29.90486111	0.571469593829108	0.279268025281845	0.448386559307015	0.528655593016796
Sample_354	HC2	betahydroxybutyrate	21	58.76736111	0.628268995165035	-0.388430410073537	-0.189453895902951	-0.325168277746943
Sample_352	HC2	betahydroxybutyrate	21	30.70486111	0.670484127271384	0.910498024186862	0.603404076603038	0.409721071690341
Sample_299	HC1	betahydroxybutyrate	21	15.88055556	0.689965952112168	-0.182310674381624	0.35118209217478	0.391110219834506
Sample_351	HC2	betahydroxybutyrate	21	16.68055556	0.780269738136589	1.21287807895761	0.870333563297095	0.735931106305585
Sample_108	HC1	mitoNUITs	21	157.9166667	0.0402939580229885	-1.44948737257648	-0.817564505330492	-0.839960791265208
Sample_123	HC3	mitoNUITs	21	117.3333333	0.0764517302224134	-1.39276229030012	-0.863467838199474	-0.98393854684864
Sample_107	HC1	mitoNUITs	21	134.9583333	0.0801798521211851	-1.16186083915547	-0.719628875713532	-0.804514114473811
Sample_117	HC2	mitoNUITs	21	115.3333333	0.10246642254958	-1.71339990579726	-0.759580574532377	-0.86663944287935
Sample_122	HC3	mitoNUITs	21	70.125	0.128150201331121	-0.385860094911885	-0.479184612771792	-0.652752221504006
Sample_116	HC2	mitoNUITs	21	98.125	0.174141750527281	-1.10597425874383	-0.355429902860907	-0.496853733106999
Sample_106	HC1	mitoNUITs	21	98.08333333	0.18228480717228	-0.735769217270767	-0.315044707726057	-0.351373952911583
Sample_121	HC3	mitoNUITs	21	55.04166667	0.277508878194981	-0.142422847049553	-0.170864019921884	-0.183662852559669
Sample_105	HC1	mitoNUITs	21	83.08333333	0.279090401731093	-1.00848667653565	-0.38043324299402	-0.413927936236564
Sample_104	HC1	mitoNUITs	21	68.08333333	0.311584924775353	-0.453742406065362	-0.0797321224691748	-0.00637401415541438
Sample_103	HC1	mitoNUITs	21	52.95833333	0.357039108484938	-1.30997962117812	-0.452457253072349	-0.451235873099746
Sample_115	HC2	mitoNUITs	21	83.16666667	0.36845619494919	-1.02641640462453	-0.383207955225329	-0.554086452854079
Sample_120	HC3	mitoNUITs	21	39.125	0.431094800880414	0.303527788230827	0.0519830313327144	-0.130386545981374
Sample_119	HC3	mitoNUITs	21	22.41666667	0.583969093449355	1.29348192591195	0.695440588547974	0.590639561816585
Sample_102	HC1	mitoNUITs	21	37.33333333	0.637725767706177	0.500318146011662	0.342300418178893	0.407930221975135
Sample_114	HC2	mitoNUITs	21	68.29166667	0.682399478773725	0.410875202008592	0.0841451930160854	-0.124981061279767
Sample_101	HC1	mitoNUITs	21	21.20833333	0.71268485991829	1.65814403500078	1.13036159348621	1.16169457618193
Sample_113	HC2	mitoNUITs	21	53.04166667	0.737324636505682	0.826067055021882	0.364424243594113	0.444847152968762
Sample_112	HC2	mitoNUITs	21	38.04166667	0.751681835018324	0.912975823832332	0.362614794419149	0.312780746205163
Sample_111	HC2	mitoNUITs	21	22.08333333	0.797857959354109	1.60497244420195	0.973783259687165	0.910443877530466
Sample_144	HC2	mitoNUITs+DEX	21	244.125	0.0211823369180729	-0.462683861407051	-0.662195766797522	-0.712953726480539
Sample_133	HC1	mitoNUITs+DEX	21	180.875	0.0264363145856164	-0.927440067978764	-0.583579439022845	-0.602199883115669
Sample_143	HC2	mitoNUITs+DEX	21	182.0833333	0.0455887521616235	0.495657093214574	0.00423388497482486	-0.0339580227538244
Sample_132	HC1	mitoNUITs+DEX	21	157.9166667	0.0779057233354601	-0.594640356635415	-0.346737841970597	-0.323268479832436
Sample_148	HC3	mitoNUITs+DEX	21	117.3333333	0.090966842518435	-0.750760918882227	-0.497564432307244	-0.514998980377271
Sample_141	HC2	mitoNUITs+DEX	21	136.2916667	0.102195273402434	0.14309645103473	-0.102572474846746	-0.114331385628459
Sample_146	HC3	mitoNUITs+DEX	21	70.125	0.115122559522437	-0.326942572983967	-0.253115771451052	-0.218258133364119
Sample_147	HC3	mitoNUITs+DEX	21	85.08333333	0.118569246130834	-0.361615906289861	-0.304217290870193	-0.330215745255255
Sample_140	HC2	mitoNUITs+DEX	21	115.3333333	0.124724638788949	0.573010084619986	0.0831647615764173	0.129564716693268
Sample_142	HC2	mitoNUITs+DEX	21	158.2083333	0.129680531109252	0.118038684365093	-0.0980321866342828	-0.125701456154062
Sample_130	HC1	mitoNUITs+DEX	21	98.08333333	0.183448803195142	0.485370547620156	0.194755075262123	0.207686755199395
Sample_131	HC1	mitoNUITs+DEX	21	115	0.194202341241605	-0.272597220332301	-0.118804277731193	-0.163363617840124
Sample_139	HC2	mitoNUITs+DEX	21	98.125	0.198403492070765	0.889628567131009	0.271841464255389	0.180192204294425
Sample_128	HC1	mitoNUITs+DEX	21	68.08333333	0.20253705920575	0.356286348610618	0.22383936241109	0.218159695749555
Sample_137	HC2	mitoNUITs+DEX	21	68.29166667	0.236564157086024	1.30528276323807	0.569610789804095	0.59792570617467
Sample_138	HC2	mitoNUITs+DEX	21	83.16666667	0.248310472164821	0.711488940246809	0.159646336509241	0.0300598396068656
Sample_127	HC1	mitoNUITs+DEX	21	52.95833333	0.271652204220807	-0.027669454414815	0.059951622323774	0.0526090266520247
Sample_129	HC1	mitoNUITs+DEX	21	83.08333333	0.277959251067243	0.458198924530466	0.273162128235002	0.270651989044391
Sample_136	HC2	mitoNUITs+DEX	21	53.04166667	0.319627204855231	1.32696603689743	0.606634062266077	0.641584361886659
Sample_126	HC1	mitoNUITs+DEX	21	37.33333333	0.402728987468586	0.889162774591768	0.464164743297641	0.453972087630282
Sample_135	HC2	mitoNUITs+DEX	21	38.04166667	0.404838139434333	1.65546779795206	0.949376621592331	0.977044521336976
Sample_145	HC3	mitoNUITs+DEX	21	22.41666667	0.465059370944232	1.20496332271687	0.734362702873074	0.730752680674284
Sample_125	HC1	mitoNUITs+DEX	21	21.20833333	0.606248534073678	0.971177735290293	0.700902069302623	0.692624993585145
Sample_134	HC2	mitoNUITs+DEX	21	22.08333333	0.709694811551787	1.69115789130095	1.19961727661368	1.21746949533007
