gene	log2FC_per_decade	P	FDR	log2FC_adj	P_adj	FDR_adj
ACIN1	-0.0202542246821469	0.00355698364163801	0.00605371254394162	-0.0187422607567425	0.0122003662870038	0.0898969692199177
ALYREF	-0.0785867931115493	0.00106418657032688	0.00211641598817818	0.0122801951855576	0.310619822119784	0.560024954136385
BUD13	-0.0658114054761551	4.08713643627841e-06	3.44487213914895e-05	-0.0186240092408589	0.0419027480211715	0.172483404645288
CACTIN	-0.048110099325343	0.0439782821430785	0.0564069270965571	0.00618040039803973	0.777313037472025	0.863784343357269
CASC3	-0.0137203876016345	0.0761189228216117	0.0916533968668386	-0.00822631490979569	0.317220222714804	0.560024954136385
CCAR1	-0.0458596636907465	2.11879590640133e-06	2.08348264129464e-05	-0.02794186377957	0.00211701188336674	0.0288239310273779
CCDC12	-0.0457618622660791	0.000480957588050892	0.00116615743952066	-0.0215523913257286	0.0850570265856425	0.26884095902962
CDC5L	-0.0433222874920789	1.36701238264417e-06	1.72829422662871e-05	-0.0232011677362198	0.0033353425823035	0.0373928222847469
CHERP	-0.0565974799863092	0.00205416080421373	0.0036358646234583	-0.00984187653059242	0.530496230826638	0.739353014616653
CHTOP	-0.0312368070650444	3.70575544962267e-05	0.000172610188048214	-0.0135828456447192	0.0410606331493841	0.172483404645288
CPSF1	-0.0494002541203623	0.0268571332459968	0.0362878823247437	-0.0120290853243733	0.585128432481196	0.767168389253123
CPSF2	-0.00894726570947869	0.292002776067852	0.329200581936368	-0.00347414563591722	0.701767846893068	0.828877149007771
CPSF3	-0.0554968571907476	1.63011072480086e-06	1.80330998931095e-05	-0.0160477042880714	0.0210609908306911	0.112963496273707
CPSF4	-0.0344027454082844	0.00990229099526314	0.0149803889415519	0.00685879103794981	0.492675380455584	0.707554461634635
CPSF6	-0.0342628334092405	9.2728036064905e-05	0.000321820831048788	-0.0118153088372517	0.108429096900158	0.2998742211145
CPSF7	-0.0167716673707069	0.0124563602044165	0.0185275273628715	-0.00325943334336405	0.608464738862347	0.771233204176468
CSTF2	-0.0626368815356767	1.91907395137089e-05	0.000116814358297414	-0.0108989600291807	0.193940211207321	0.451676544522314
CTNNBL1	-0.0218467429765431	0.00659986639730523	0.0105241112821894	-0.0120917452990123	0.143150997909599	0.37261362691175
CWC22	-0.0389864134049302	0.000264557499304065	0.000755268989948703	-0.0363207630640846	0.00151157648751901	0.0267549038290864
CWC25	-0.0150965087776003	0.0318199357296987	0.0417194712900494	-0.00635498930548478	0.380061879927514	0.628700492964205
CWC27	-0.0516070323431825	3.94567601102099e-07	1.16397442325119e-05	-0.0300686312878914	0.000995685251294747	0.01958180994213
DDX23	-0.0408732970510326	5.0105414956512e-05	0.000227401498648785	-0.00758408597164379	0.252315356300959	0.513331242129537
DDX39A	-0.135310690154865	3.10375669784215e-05	0.000161196602813339	-0.010348422403077	0.464367005009799	0.690697141905332
DDX39B	-0.0242397006217012	8.67952574603116e-05	0.000313525725928064	-0.0164032356703471	0.00882363390185869	0.0709901454831358
DDX46	-0.0509750425025557	9.74998458433488e-06	7.60454540657974e-05	-0.0118792931054141	0.0952167862365927	0.285650358709778
DHX15	-0.0299249569027972	0.000627273514027004	0.0014419144413348	-0.00861072317413428	0.258301934114837	0.513701599307036
DHX16	-0.0270655256579759	0.00308957791710864	0.00530927467308961	-0.00364068168829819	0.641800891782192	0.794396908010125
DHX38	-0.0292498006519492	0.00167985311660188	0.00306529898596425	-0.00390060298848512	0.610014963755399	0.771233204176468
DHX9	-0.0604778823120341	1.81204758619038e-06	1.88666131032763e-05	-0.019519482494223	0.0193064439977601	0.112963496273707
DNAJC8	-0.0212681056815822	0.0159638847206148	0.0229724194760067	-0.0112786012107668	0.216815964834788	0.47378303426861
EFTUD2	-0.0516452719044343	1.97990437792227e-05	0.000116814358297414	-0.0116720885913351	0.138371213016632	0.365547831402147
EIF4A3	-0.0133747315885219	0.244083446640061	0.276940833687762	0.0162831245903689	0.106710728309524	0.299806331917234
EIF4E	-0.0416468559128497	0.0158529366290909	0.0229724194760067	0.00399409160816099	0.784972641825215	0.863784343357269
FUS	-0.0643468217978452	0.00021081334980095	0.000621899381912804	-0.00155925952683956	0.872321121384987	0.930125533043028
GLE1	-0.064485600102026	1.07145888174073e-05	7.60454540657974e-05	-0.0162128538667741	0.0880485868401477	0.273414032819406
GPKOW	-0.000886055943175469	0.921506015227742	0.926741844859718	0.00494907503837599	0.607412618496059	0.771233204176468
GTF2F1	-0.0370961339428331	0.000659007435924881	0.00147651033112283	-0.0157318524883221	0.1250082992312	0.3352495297564
HNRNPA1	-0.0539484962341032	0.000277989924104989	0.000781019310580683	-0.0150073031939227	0.2235682700908	0.482580290317946
HNRNPA2B1	-0.0760176295240516	6.63767814449464e-07	1.17486903157555e-05	-0.0263448532769993	0.00781962051365419	0.0663134956234447
HNRNPA3	-0.0342955985716038	0.00868073988956614	0.0133607909604627	-0.00308594071060734	0.79058228036089	0.863784343357269
HNRNPC	-0.0856557903925266	4.79064181555991e-10	8.47943601354105e-08	-0.0586802140934798	2.45979772485129e-06	0.000350851161412612
HNRNPD	-0.053297376336308	0.000833082955126256	0.00175542479830175	-0.00331654503172739	0.773264278571772	0.863784343357269
HNRNPF	-0.0448007704740161	0.00016932064110359	0.000535174169202417	-0.00918037287956199	0.303543042572983	0.553887819952763
HNRNPH1	-0.00283426752752662	0.79379837409186	0.816873908222437	0.00473490373391403	0.682770860727489	0.82211185271269
HNRNPK	-0.029915400146819	0.000151606592308422	0.00049693271923316	-0.019467331106122	0.0145555996439783	0.0898969692199177
HNRNPL	-0.0256816055475608	0.0299232684771471	0.039822695642519	0.015504822711657	0.0448268854757738	0.180326334754817
HNRNPM	-0.050990190800204	0.00189082825124474	0.00341506735173795	0.00771138408750664	0.428380239096672	0.665116687018516
HNRNPR	-0.0688520235340118	1.09224336678778e-05	7.60454540657974e-05	-0.0236590569902013	0.0466434165915044	0.181944647686136
HNRNPU	-0.0290491324251171	0.000857818766613735	0.00176551071733292	-0.00798010106811262	0.29523430307727	0.553052570958247
HSPA8	-0.0357370413673487	0.00850563816264651	0.0132061224104248	-0.00455970541181555	0.710255822556492	0.828877149007771
IK	-0.0351781122550021	2.83251588077024e-07	1.16397442325119e-05	-0.0320187333972461	1.00942449199135e-05	0.000595560450274896
ISY1	-0.0142193301842945	0.0506314333837893	0.0635586078647568	-0.0190890518830973	0.0147288819625854	0.0898969692199177
LSM2	-0.0664221824279641	0.000528306491684525	0.00123039801352843	0.00327548507396727	0.759672882579802	0.863784343357269
LSM3	-0.0469587739280103	6.26495935628322e-05	0.000257883210712123	-0.0195797867191499	0.0572503693803956	0.211322288232649
LSM4	-0.0768400249668108	0.000469065880146483	0.00116615743952066	-0.000604331334002625	0.964472498120615	0.981101334295108
LSM6	-0.0350080887847325	0.0189956661929005	0.0264742749302628	-0.0124425249903104	0.405693950087428	0.641141331834595
LSM7	-0.056770476979509	0.00142436326108226	0.00268204571501659	-0.0131095213108439	0.396819990144998	0.63851943868786
MAGOH	-0.0542518050852362	3.47815416629255e-06	3.07816643716891e-05	-0.039305922663186	0.00081521261098002	0.01958180994213
NCBP1	-0.0239457007584082	0.0102589993029443	0.0153884989544165	-0.00120923977323354	0.883288945556538	0.930607996211352
NDC1	-0.129304539728433	7.33904172705175e-05	0.000276385188444289	-0.00559456555228199	0.716004851954552	0.828877149007771
NUDT21	-0.0282436863410043	0.0365928795894752	0.0472769320243585	-0.00767071857002326	0.571786845842921	0.76080061020177
NUP107	-0.100307449221043	1.47707882566914e-06	1.74295301428959e-05	-0.02524950717647	0.0208554019214222	0.112963496273707
NUP153	-0.0387180174352724	0.0015358531091565	0.00286153684548106	-0.00199317157916515	0.829726842148167	0.894657492390448
NUP155	-0.0744955635629592	0.000473991661225398	0.00116615743952066	0.00826457320778091	0.387031735102028	0.629126127504917
NUP188	-0.0630620857649727	0.000774915700667877	0.00168680623032279	0.00402843294620916	0.713556719933445	0.828877149007771
NUP205	-0.0889861746788669	3.36964649948787e-05	0.000161196602813339	-0.00635722166322172	0.495687871427654	0.707554461634635
NUP214	-0.0364291424586429	0.00524130297472587	0.00843373296842254	-0.000242550419988746	0.981838176752003	0.987416802756275
NUP35	-0.114070714874647	1.97858744235875e-05	0.000116814358297414	-0.0222731490399976	0.169507618924229	0.416706229855396
NUP37	-0.0636455869417744	1.27720157853657e-05	8.37276590373975e-05	-0.0184754864785233	0.0733012153254352	0.249368529894034
NUP43	-0.0220740521503188	0.0807700733189232	0.096596641739523	0.0176073784780645	0.0656264015305114	0.227762217076481
NUP50	-0.0347206797892673	0.0552911809673408	0.0684373358826526	0.0289753399823344	0.0136852969238763	0.0898969692199177
NUP54	-0.0313067414279734	0.004717983660274	0.00773225099878239	-0.0111124809401006	0.29892781811323	0.553052570958247
NUP58	-0.0458761265983437	0.00203024635433865	0.00362983439109031	-0.012996772978673	0.336693827647941	0.578590364016365
NUP62	-0.0753251076510251	0.000161704355659227	0.000520394017303331	-0.00155872461335711	0.881668222585774	0.930607996211352
NUP85	-0.076396860578661	8.95340388185445e-05	0.000316950497417647	-0.00492797495358959	0.634476581889063	0.790861654889888
NUP88	-0.0604611661846303	6.33642310780738e-07	1.17486903157555e-05	-0.0265556162894073	0.00449817272244224	0.044232031770682
NUP93	-0.0699507048114276	0.000246733014163021	0.000715930221423847	0.00250498132230307	0.785844461736488	0.863784343357269
NXT1	-0.0430430417253496	0.0283031881367711	0.0379520022743066	0.0204515531781871	0.148895852789296	0.37937092942509
PABPN1	-0.0302029066060711	6.62951953482239e-05	0.000264309525449982	-0.0246694906290413	0.00192658922807536	0.0288239310273779
PAPOLA	-0.00824754552458647	0.426883273442669	0.459156702222678	-0.00769686682888613	0.492907629513381	0.707554461634635
PCBP1	-0.0207814405812133	0.00161541625757784	0.00297842372490914	-0.00555768020104328	0.347166945888919	0.590851436753257
PCBP2	-0.00492731602425522	0.474281888496352	0.499689846808656	-0.00309693939581191	0.677308691203357	0.821120810568453
PCF11	-0.0222181171553009	0.014059448620323	0.0205663008743568	-0.0204322038734689	0.0359751279968953	0.155307259889036
PHF5A	-0.0322116621341002	0.00244786344379124	0.0042477630348142	-0.00804231666040615	0.401720406274744	0.640581188384051
PNN	-0.0399013907303243	1.11395173198026e-05	7.60454540657974e-05	-0.0282451277654621	0.00200515131608706	0.0288239310273779
POLDIP3	-0.00865896051338895	0.194944787078679	0.225524361522393	0.00250271867061721	0.707797182313094	0.828877149007771
POLR2B	-9.91621591931439e-05	0.990799288790212	0.990799288790212	-0.00959540832888878	0.288378264186951	0.553052570958247
POLR2C	-0.00133358102540575	0.867072720988146	0.887120645172843	-0.00180789554293747	0.834002747143638	0.894657492390448
POLR2E	-0.0661118823787663	0.00063980576407842	0.00145186692617795	-0.0170940313711006	0.299960716451931	0.553052570958247
POLR2F	-0.0344976050634144	0.00797785533444921	0.0124962866743143	-0.0100338585137309	0.421588797760342	0.660364754013986
POLR2G	-0.00826299141978034	0.295334450428836	0.330849352695595	-0.0089606179188496	0.294516761755751	0.553052570958247
POM121	-0.00718298474768997	0.449994053867327	0.479812936954921	0.00617917043389865	0.526293121626628	0.739316527999311
PPIE	-0.00101288174009064	0.884821430696082	0.900076972604636	-0.0116153716459181	0.104838421899593	0.299806331917234
PPIH	-0.119792308832431	2.10074089395431e-09	1.85915569114957e-07	-0.0513337703656369	3.96441990296737e-06	0.000350851161412612
PPIL1	-0.0767474936076803	5.31627233093549e-07	1.17486903157555e-05	-0.0382777958269019	0.0025290819070582	0.0319748212535215
PPP1CA	-0.0412758885238066	0.000822016568113146	0.00175297509103647	-0.00269565050440583	0.762828941936784	0.863784343357269
PQBP1	-0.0361923467506559	0.0077292450083233	0.0122149675577966	-0.00814331559907565	0.522222832836577	0.739316527999311
PRCC	-0.0102486018831206	0.214950098144756	0.247053034880661	0.000597422058821759	0.944041251868269	0.971484311515602
PRPF19	-0.0535969415638559	3.33822796648532e-05	0.000161196602813339	-0.0183743168236658	0.0756951850379483	0.249368529894034
PRPF3	-0.027691218506943	0.000111137419878865	0.00037829467920306	-0.00992624781797314	0.105833797173931	0.299806331917234
PRPF31	-0.0551116325029373	0.000316828185591777	0.000876227950777259	-0.0108745002956072	0.359400535688096	0.605846617302791
PRPF38A	-0.0192715464153381	0.0178876673480067	0.0252112317361493	-0.0201558523151594	0.0219960186054266	0.114468235000616
PRPF4	-0.0524133113063594	0.000906847183372387	0.00184496495927486	0.00336159630941653	0.724126182726226	0.832274898328195
PRPF40A	-0.0197661226476488	0.0303045389626319	0.040029129823775	-0.0108365437606944	0.256385129665815	0.513701599307036
PRPF8	-0.044376064053994	0.000177122554505977	0.000550012142939613	-0.0111343702037244	0.234335655010834	0.496550903378808
PTBP1	-0.0586084691150574	0.00137672489719165	0.00264406856472438	0.00573972496842886	0.608941934071186	0.771233204176468
PUF60	-0.0393590235981919	0.017113309039781	0.0244278685487197	0.00673212504530155	0.618862659381695	0.776870146883404
RAE1	-0.0366972794166518	0.000193398218682881	0.000580194656048643	-0.00727382829167101	0.325095063403578	0.564135551200327
RANBP2	-0.0185971413587606	0.0470768124201523	0.0599467323623522	-0.0138098051051515	0.168010339955085	0.416706229855396
RBM10	-0.0680190557283636	1.11705186763318e-05	7.60454540657974e-05	-0.0287781594372111	0.0259801578215182	0.121012840379177
RBM17	-0.0222810029717149	0.00397355034878068	0.00663507935598283	-0.01121674516839	0.150033700902578	0.37937092942509
RBM22	-0.0194990820319113	0.0023567212502609	0.00413009565639782	-0.00843714652249123	0.178022800400855	0.431644324259607
RBM25	-0.00239386517903616	0.740747849381144	0.766739001991009	0.000937258086129144	0.904275065377576	0.946081099063702
RBM39	0.0101734329934635	0.334133037010591	0.371959418558959	-0.0201864669074436	0.0206310310219258	0.112963496273707
RBM42	-0.0329450218520806	0.11338363885833	0.134690631395466	0.0213678419545071	0.236383388643067	0.496550903378808
RBMX	-0.0974555701897767	5.34111974869982e-08	3.1512606517329e-06	-0.0401307076592379	0.000571306974993288	0.016853555762302
RNPS1	-0.0411456562328487	0.00512455010274048	0.00832151713931253	0.00633779104337875	0.543218648601699	0.73961308309616
SARNP	-0.00411008470563795	0.613819960163986	0.63909489970015	0.0038836561588325	0.651474235466945	0.795247859845857
SART1	-0.063151058926891	0.000515327675638643	0.00122243220462867	-0.0108703047454465	0.444164581196289	0.671941289502079
SEC13	-0.0134942934079963	0.191500764218981	0.222997600439208	-0.00271771122556856	0.801630930306871	0.870482666652246
SF1	-0.0181312266321236	0.0632213021254573	0.0777095171958746	0.0065726144759878	0.443079614972296	0.671941289502079
SF3A1	-0.0379289906943009	0.000343452061913687	0.000907328581473471	-0.00616966122659402	0.438404148067077	0.671941289502079
SF3A2	-0.0910469692210117	0.00105171660884405	0.0021153845427886	-0.0137578092005344	0.538544899610441	0.73961308309616
SF3A3	-0.0460202440410653	1.12179962926761e-06	1.62025872247919e-05	-0.0208091900240892	0.00597288073322907	0.0556420994621866
SF3B2	-0.0345928814501854	5.59449487406666e-05	0.000241518437246293	-0.00784434796799033	0.199571983674742	0.452874886031145
SF3B3	-0.0468028404024194	0.000192015576895358	0.000580194656048643	-0.00618652736990852	0.471558146906965	0.694779982503924
SF3B4	-0.0609600981763948	6.22068459960713e-05	0.000257883210712123	-0.0107436940838889	0.283962555737007	0.553052570958247
SF3B5	-0.0265638600827117	0.0343292782612597	0.0446785459723748	-0.0129838889126941	0.31956226196483	0.560024954136385
SF3B6	-0.0324652506758116	0.000350154644631827	0.000911431942644607	-0.0354506152783542	0.000298682479151051	0.0115163035866106
SLBP	-0.0259732910723263	0.0742735469576484	0.0900439576130395	0.0221620004136272	0.0325942379288963	0.145264820507233
SNRNP200	-0.035986061849282	3.10610268504513e-05	0.000161196602813339	-0.0134679108259412	0.0592479621259647	0.214018148903995
SNRNP35	-0.00396694349940539	0.568957707216373	0.595890616433716	-0.00931913069860845	0.211158773251346	0.467188785818604
SNRNP40	-0.0513135389505676	5.48267378230769e-05	0.000241518437246293	-0.0122809338494586	0.181755489517869	0.434739481684633
SNRNP48	0.0110933779449556	0.371392643540269	0.403291398200169	0.0233347116226239	0.0760785345439425	0.249368529894034
SNRPA	-0.0960306902996406	2.42686840589448e-06	2.26081951496485e-05	-0.0310306539663289	0.0233403305981618	0.114756625440962
SNRPA1	-0.0121340667464303	0.357007139688482	0.391209407697477	0.0094429447323445	0.474962586909462	0.694779982503924
SNRPB	-0.0848377755537304	7.87505529699226e-05	0.00029039266407659	-0.00699889601566329	0.551823278138849	0.745593284202873
SNRPB2	-0.0328877356703595	0.0012434813236541	0.00241863949765687	-0.0266218170376749	0.0136388935769903	0.0898969692199177
SNRPC	-0.0546917415505759	2.42880493258972e-05	0.000138676926796252	-0.0141248671963092	0.120323242642558	0.327649445349735
SNRPD1	-0.0534673181310265	0.00075391912201961	0.00166804605746839	0.000321612447703634	0.975051024563122	0.986194464843843
SNRPD2	-0.0344094856717136	0.000480764192417155	0.00116615743952066	-0.0193897093412012	0.0472850496811428	0.181944647686136
SNRPE	-0.0305051685885499	0.181812282805698	0.213117708984162	-0.00271110551811124	0.908665462377567	0.946081099063702
SNRPF	-0.0816014248840035	3.650269472361e-07	1.16397442325119e-05	-0.0343215959491013	0.00338014212743474	0.0373928222847469
SNU13	-0.00805518374279204	0.358056068062097	0.391209407697477	0.0047727920289795	0.593385251474827	0.771233204176468
SNW1	-0.0356734824973778	9.4671704186476e-07	1.52335378554602e-05	-0.0261928654512766	0.000325319310356232	0.0115163035866106
SRRM1	-0.0138942318494731	0.129301207661454	0.152575425040516	0.00497831664702833	0.568018055412406	0.76080061020177
SRRT	-0.0738009810775679	3.20680973523826e-05	0.000161196602813339	-0.0127106710469118	0.238456648515247	0.496550903378808
SRSF1	-0.0502836091573875	6.8535576598192e-05	0.000264309525449982	-0.0116025461434293	0.205594537590471	0.460635862702701
SRSF10	-0.00110424648317063	0.913744199180477	0.924186990028254	0.000543546380478716	0.960669114180731	0.981101334295108
SRSF2	-0.0309212140306	0.0179469785240385	0.0252112317361493	0.0118777454498429	0.198875659283783	0.452874886031145
SRSF3	-0.0317156323836314	0.0254305363816176	0.0346246533811255	7.01158080890039e-05	0.995703088091784	0.995703088091784
SRSF4	-0.0165785275066482	0.014024806603943	0.0205663008743568	-0.00174427205740896	0.779525970020753	0.863784343357269
SRSF7	-0.0525415673139862	2.91911651760366e-05	0.000161196602813339	-0.0160035222179107	0.0939012693868877	0.285650358709778
SRSF9	-0.0132973692956052	0.0501077774800713	0.0633505472426615	-0.00612516019346509	0.387427954226192	0.629126127504917
SYMPK	-0.0221722210423984	0.0552431085908547	0.0684373358826526	-0.000960725469339636	0.932034062550352	0.964737012113522
TCERG1	-0.037883153256406	0.000517979747724011	0.00122243220462867	-0.0063902733335576	0.452742970739991	0.679114456109986
TFIP11	-0.00495207097239326	0.428027434275378	0.459156702222678	0.00295768754155463	0.648318468134527	0.795247859845857
THOC1	-0.0428204232507873	0.000140271665529479	0.000468454430164486	-0.0278392070473022	0.0139409085321775	0.0898969692199177
THOC2	-0.0366605977949595	0.000395132706348728	0.00101360129019891	-0.0369847745116255	0.000907609401516863	0.01958180994213
THOC3	-0.0846415584135353	0.000781458253595867	0.00168680623032279	-0.0216808051761881	0.316065040241625	0.560024954136385
THOC6	-0.0477296608201161	0.00956431598693723	0.014593826980068	-0.0363162821454856	0.0632606198753698	0.223942594358809
THOC7	-0.0109603956871253	0.229052046508418	0.261562659561226	-0.0104577600702813	0.288538707701227	0.553052570958247
TPR	-0.0362031572232317	0.000327728195576269	0.000892429086415378	-0.0165722299772976	0.0806566092418617	0.259567633378355
TRA2B	-0.0368684764739317	0.00118800267427473	0.00233640525940697	-0.00511816135780643	0.575973343316594	0.76080061020177
TXNL4A	-0.00821203031715416	0.463087857941266	0.490817669794036	0.0141833816487637	0.190005924098515	0.448413980872496
U2AF1	-0.0115125765240004	0.350108732603745	0.387307785442893	0.0205803409045513	0.0573077391817352	0.211322288232649
U2AF2	-0.0554577060962448	0.000335401038326519	0.000899484602784756	-0.00676165121143074	0.539079032270695	0.73961308309616
U2SURP	-0.0188060546308105	0.0685702474494946	0.0837029917142106	-0.00379930060768	0.716487027108412	0.828877149007771
UBA52	-0.0300926314746183	0.0013892563645162	0.00264406856472438	-0.0225392543204522	0.0226349617232857	0.114468235000616
UPF3B	-0.0475825958650325	6.86906111338937e-05	0.000264309525449982	-0.0160718699119013	0.102178236192207	0.299806331917234
WBP11	-0.0705567089252574	6.1098703961184e-07	1.17486903157555e-05	-0.0224204899932065	0.00786770287057819	0.0663134956234447
WDR33	-0.0213129797420856	0.000846134894024201	0.00176195148520334	-0.00669254644783011	0.243127322033303	0.500389953487147
WDR70	-0.017803532776438	0.0235862051938696	0.0323624675915885	-0.0189609662957826	0.0258204388606503	0.121012840379177
XAB2	-0.0550665527908399	0.00385348404903928	0.00649587311123764	-0.015844659401242	0.373363435597497	0.623446491516575
YBX1	-0.067237174654689	1.19002053063444e-06	1.62025872247919e-05	-0.0223160971248479	0.013442895525082	0.0898969692199177
ZCRB1	-0.0327803965481969	0.00444272501024662	0.00734918062442665	-0.036208146246829	0.00361158365831001	0.0376029592659336
ZNF830	-0.0207365452347106	0.0225615883463082	0.0311984463851293	-0.0209645232689767	0.0328282080242334	0.145264820507233
