splicing_definition	selection	comparator	side	metric	model	n_donors	n_genes	beta	lo	hi	p	FDR
selected_177	selected		splicing	splicing	technical covariates only	107	177	-0.133460754674092	-0.183085786971767	-0.0838357223764177	5.87149856746208e-07	8.22009799444691e-06
selected_177	selected	translation	comparator	translation	technical covariates only	107	363	-0.0672807699968692	-0.10045679996205	-0.0341047400316879	0.000111084269778558	0.000439511594625039
selected_177	selected	metabolism_of_rna	comparator	metabolism_of_rna	technical covariates only	107	576	-0.0558433693787201	-0.0813489040315173	-0.030337834725923	3.3449367680448e-05	0.000234145573763136
selected_177	selected	rrna_processing	comparator	rrna_processing	technical covariates only	107	229	-0.0741835442680669	-0.111071485479513	-0.0372956030566206	0.00012557474132144	0.000439511594625039
selected_177	selected		splicing	splicing	+ proliferation score	107	177	-0.0402448813724626	-0.0679750403849697	-0.0125147223599555	0.00487460202234209	0.0136488856625578
selected_177	selected	translation	comparator	translation	+ proliferation score	107	363	-0.0315587664888633	-0.0631547154616724	3.71824839458732e-05	0.0502650703190277	0.0703710984466387
selected_177	selected	metabolism_of_rna	comparator	metabolism_of_rna	+ proliferation score	107	576	-0.0241594707776038	-0.0471238491952364	-0.00119509235997118	0.0394108851440584	0.0703710984466387
selected_177	selected	rrna_processing	comparator	rrna_processing	+ proliferation score	107	229	-0.0302475960977848	-0.0640946404376228	0.00359944824205316	0.0792756158770145	0.100896238388928
selected_177	selected	translation	splicing	splicing	+ proliferation + translation	107	177	-0.0217296971081384	-0.0428630742508845	-0.000596319965392281	0.0439926852138323	0.0703710984466387
selected_177	selected	translation	comparator	translation	+ proliferation + splicing	107	363	-0.000905500213960575	-0.0254853616675361	0.023674361239615	0.941876581385931	0.941876581385931
selected_177	selected	metabolism_of_rna	splicing	splicing	+ proliferation + Metabolism of RNA	107	177	-0.0163817472157389	-0.0327613319925645	-2.16243891343337e-06	0.0499703432496452	0.0703710984466387
selected_177	selected	metabolism_of_rna	comparator	metabolism_of_rna	+ proliferation + splicing	107	576	0.00310238320587905	-0.0107154815247306	0.0169202479364888	0.656934127803995	0.733487063386553
selected_177	selected	rrna_processing	splicing	splicing	+ proliferation + rRNA processing	107	177	-0.0224096746854998	-0.042063305582636	-0.00275604378836361	0.0258537581635301	0.0603254357149035
selected_177	selected	rrna_processing	comparator	rrna_processing	+ proliferation + splicing	107	229	0.00510609099742314	-0.0194741268054307	0.029686308800277	0.681095130287514	0.733487063386553
reactome_mrna_splicing	unselected		splicing	splicing	technical covariates only	107	209	-0.0941928989515138	-0.127945813783817	-0.0604399841192103	2.45668968979449e-07	3.43936556571229e-06
reactome_mrna_splicing	unselected	translation	comparator	translation	technical covariates only	107	365	-0.0676303540240771	-0.10089251663053	-0.034368191417624	0.000106922200189577	0.000438374423285041
reactome_mrna_splicing	unselected	metabolism_of_rna	comparator	metabolism_of_rna	technical covariates only	107	544	-0.0663640045194683	-0.0955292935445987	-0.0371987154943379	1.72601799082593e-05	0.000120821259357815
reactome_mrna_splicing	unselected	rrna_processing	comparator	rrna_processing	technical covariates only	107	229	-0.0747078890957531	-0.111849933446031	-0.0375658447454751	0.000125249835224297	0.000438374423285041
reactome_mrna_splicing	unselected		splicing	splicing	+ proliferation score	107	209	-0.0418460735502483	-0.067864942193952	-0.0158272049065446	0.00189584634455108	0.00530836976474302
reactome_mrna_splicing	unselected	translation	comparator	translation	+ proliferation score	107	365	-0.0316461303930769	-0.0632758541832842	-1.64066028696952e-05	0.0498835420603713	0.0775966209827998
reactome_mrna_splicing	unselected	metabolism_of_rna	comparator	metabolism_of_rna	+ proliferation score	107	544	-0.0225981062478378	-0.0457976104142761	0.000601397918600425	0.0561219848083947	0.0785707787317526
reactome_mrna_splicing	unselected	rrna_processing	comparator	rrna_processing	+ proliferation score	107	229	-0.0303534606544001	-0.0643958435069265	0.00368892219812623	0.0799455470519772	0.101748878066153
reactome_mrna_splicing	unselected	translation	splicing	splicing	+ proliferation + translation	107	209	-0.023375117930237	-0.0421639732433287	-0.00458626261714543	0.0152796839608253	0.0267394469314442
reactome_mrna_splicing	unselected	translation	comparator	translation	+ proliferation + splicing	107	365	0.00444807184279692	-0.0190682523547082	0.027964396040302	0.708231944646012	0.708231944646012
reactome_mrna_splicing	unselected	metabolism_of_rna	splicing	splicing	+ proliferation + Metabolism of RNA	107	209	-0.0203495230522438	-0.0344594834696527	-0.00623956263483488	0.00514257378587915	0.011999338833718
reactome_mrna_splicing	unselected	metabolism_of_rna	comparator	metabolism_of_rna	+ proliferation + splicing	107	544	0.00904885621646518	-0.00391720257715577	0.0220149150100861	0.169238430768888	0.197444835897036
reactome_mrna_splicing	unselected	rrna_processing	splicing	splicing	+ proliferation + rRNA processing	107	207	-0.0251920433428541	-0.0435155670145364	-0.00686851967117187	0.00754004650561936	0.0150800930112387
reactome_mrna_splicing	unselected	rrna_processing	comparator	rrna_processing	+ proliferation + splicing	107	229	0.00939574038136523	-0.015407811689845	0.0341992924525754	0.454054494800854	0.488981763631689
reactome_premrna_processing	unselected		splicing	splicing	technical covariates only	107	286	-0.0956452634647588	-0.130627662301557	-0.0606628646279607	4.00435675558423e-07	5.60609945781792e-06
reactome_premrna_processing	unselected	translation	comparator	translation	technical covariates only	107	360	-0.068024138492467	-0.101375134137915	-0.0346731428470188	0.000102064163301382	0.000426764312517801
reactome_premrna_processing	unselected	metabolism_of_rna	comparator	metabolism_of_rna	technical covariates only	107	467	-0.0608860577912979	-0.0893213725119822	-0.0324507430706135	4.81621810440892e-05	0.000337135267308625
reactome_premrna_processing	unselected	rrna_processing	comparator	rrna_processing	technical covariates only	107	226	-0.0750092152060324	-0.112232297899551	-0.0377861325125142	0.000121932660719372	0.000426764312517801
reactome_premrna_processing	unselected		splicing	splicing	+ proliferation score	107	286	-0.0372696457955786	-0.0619808495375456	-0.0125584420536115	0.00348830899723978	0.00976726519227137
reactome_premrna_processing	unselected	translation	comparator	translation	+ proliferation score	107	360	-0.0316401318924166	-0.0632671065422173	-1.31572426158369e-05	0.0499065803225033	0.0776324582794496
reactome_premrna_processing	unselected	metabolism_of_rna	comparator	metabolism_of_rna	+ proliferation score	107	467	-0.0222271530477306	-0.0465894644127142	0.00213515831725295	0.0732848922657828	0.101996084813665
reactome_premrna_processing	unselected	rrna_processing	comparator	rrna_processing	+ proliferation score	107	226	-0.030334405238651	-0.0643776569964695	0.00370884651916753	0.0801397809250229	0.101996084813665
reactome_premrna_processing	unselected	translation	splicing	splicing	+ proliferation + translation	107	281	-0.0214847716956492	-0.041139809503403	-0.00182973388789532	0.0324823795310357	0.0568441641793125
reactome_premrna_processing	unselected	translation	comparator	translation	+ proliferation + splicing	107	360	-0.001380235762079	-0.0269354432114744	0.0241749716873164	0.914872990618427	0.914872990618427
reactome_premrna_processing	unselected	metabolism_of_rna	splicing	splicing	+ proliferation + Metabolism of RNA	107	286	-0.019621756227865	-0.0353304194668429	-0.00391309298888711	0.0148851750257016	0.0347320750599704
reactome_premrna_processing	unselected	metabolism_of_rna	comparator	metabolism_of_rna	+ proliferation + splicing	107	467	0.00653446925916583	-0.00937236742819005	0.0224413059465217	0.41696656920332	0.486460997403874
reactome_premrna_processing	unselected	rrna_processing	splicing	splicing	+ proliferation + rRNA processing	107	281	-0.0226137866185255	-0.0413176686099206	-0.00390990462713049	0.018311584303399	0.036623168606798
reactome_premrna_processing	unselected	rrna_processing	comparator	rrna_processing	+ proliferation + splicing	107	226	0.00421930163408955	-0.0222756582124494	0.0307142614806285	0.752679111165754	0.81057750433235
mrna_splicing_not_selected	selected against		splicing	splicing	technical covariates only	107	82	-0.0350402170235847	-0.0597409745137989	-0.0103394595333705	0.00588034541735254	0.0177119181609317
mrna_splicing_not_selected	selected against	translation	comparator	translation	technical covariates only	107	365	-0.0676303540240771	-0.10089251663053	-0.034368191417624	0.000106922200189577	0.00061216450753582
mrna_splicing_not_selected	selected against	metabolism_of_rna	comparator	metabolism_of_rna	technical covariates only	107	671	-0.0788599650425085	-0.111136444310083	-0.0465834857749337	4.54954793387525e-06	6.36936710742535e-05
mrna_splicing_not_selected	selected against	rrna_processing	comparator	rrna_processing	technical covariates only	107	230	-0.074554779478129	-0.111739253532714	-0.0373703054235442	0.000131178108757676	0.00061216450753582
mrna_splicing_not_selected	selected against		splicing	splicing	+ proliferation score	107	82	-0.0379554975047419	-0.0649527150196673	-0.0109582799898166	0.00632568505747561	0.0177119181609317
mrna_splicing_not_selected	selected against	translation	comparator	translation	+ proliferation score	107	365	-0.0316461303930769	-0.0632758541832842	-1.64066028696952e-05	0.0498835420603713	0.0775966209827998
mrna_splicing_not_selected	selected against	metabolism_of_rna	comparator	metabolism_of_rna	+ proliferation score	107	671	-0.0267166145684602	-0.0504972869731097	-0.00293594216381075	0.0280581045276454	0.0654689105645059
mrna_splicing_not_selected	selected against	rrna_processing	comparator	rrna_processing	+ proliferation score	107	230	-0.0301197504769775	-0.0641912265023486	0.00395172554839364	0.0825175919643069	0.113795917567835
mrna_splicing_not_selected	selected against	translation	splicing	splicing	+ proliferation + translation	107	82	-0.0238878154097378	-0.0475055742104372	-0.000270056609038428	0.0474863016529777	0.0775966209827998
mrna_splicing_not_selected	selected against	translation	comparator	translation	+ proliferation + splicing	107	365	-0.00848661817183662	-0.0366634675257535	0.0196902311820803	0.551452341890459	0.641986490559519
mrna_splicing_not_selected	selected against	metabolism_of_rna	splicing	splicing	+ proliferation + Metabolism of RNA	107	82	-0.0183155158144687	-0.0395019516398602	0.0028709200109229	0.0894110780890135	0.113795917567835
mrna_splicing_not_selected	selected against	metabolism_of_rna	comparator	metabolism_of_rna	+ proliferation + splicing	107	671	-0.00506727805620455	-0.0239778062088146	0.0138432500964055	0.596130312662411	0.641986490559519
mrna_splicing_not_selected	selected against	rrna_processing	splicing	splicing	+ proliferation + rRNA processing	107	81	-0.0256962365343904	-0.0495234300576238	-0.00186904301115702	0.0348235660872585	0.069647132174517
mrna_splicing_not_selected	selected against	rrna_processing	comparator	rrna_processing	+ proliferation + splicing	107	230	-0.0066885046447113	-0.0375918963736155	0.0242148870841929	0.668529374128134	0.668529374128134
premrna_processing_not_selected	selected against		splicing	splicing	technical covariates only	107	109	-0.0342384566385935	-0.057490595119481	-0.010986318157706	0.00430408146046785	0.0150642851116375
premrna_processing_not_selected	selected against	translation	comparator	translation	technical covariates only	107	362	-0.0683725126166098	-0.101810109500489	-0.0349349157327304	9.83142881086153e-05	0.000574998395053837
premrna_processing_not_selected	selected against	metabolism_of_rna	comparator	metabolism_of_rna	technical covariates only	107	644	-0.0808328300711964	-0.113838939178117	-0.047826720964276	4.34185761771696e-06	6.07860066480374e-05
premrna_processing_not_selected	selected against	rrna_processing	comparator	rrna_processing	technical covariates only	107	228	-0.0751481516063521	-0.112466973016721	-0.0378293301959832	0.000123213941797251	0.000574998395053837
premrna_processing_not_selected	selected against		splicing	splicing	+ proliferation score	107	109	-0.0324382999505467	-0.0578734029330897	-0.00700319696800372	0.0129590596379725	0.036285366986323
premrna_processing_not_selected	selected against	translation	comparator	translation	+ proliferation score	107	362	-0.0317277702742698	-0.0633887046746154	-6.68358739243369e-05	0.0495274918901022	0.0990549837802044
premrna_processing_not_selected	selected against	metabolism_of_rna	comparator	metabolism_of_rna	+ proliferation score	107	644	-0.0271792305531306	-0.0513137222760423	-0.00304473883021884	0.0276920440897626	0.0646147695427793
premrna_processing_not_selected	selected against	rrna_processing	comparator	rrna_processing	+ proliferation score	107	228	-0.0304328304452012	-0.0645881230266817	0.00372246213627929	0.0801535544474211	0.116963448565738
premrna_processing_not_selected	selected against	translation	splicing	splicing	+ proliferation + translation	107	106	-0.0209574861605494	-0.0447455925303829	0.00283062020928401	0.0835453204040984	0.116963448565738
premrna_processing_not_selected	selected against	translation	comparator	translation	+ proliferation + splicing	107	362	-0.0137264490058335	-0.042987824973129	0.0155349269614621	0.35422542992546	0.413263001579704
premrna_processing_not_selected	selected against	metabolism_of_rna	splicing	splicing	+ proliferation + Metabolism of RNA	107	109	-0.0138222928310756	-0.0337320965101789	0.0060875108480277	0.171453527136959	0.218213579992493
premrna_processing_not_selected	selected against	metabolism_of_rna	comparator	metabolism_of_rna	+ proliferation + splicing	107	644	-0.00717523371743441	-0.0261934022930026	0.0118429348581338	0.455866257716571	0.490932892925538
premrna_processing_not_selected	selected against	rrna_processing	splicing	splicing	+ proliferation + rRNA processing	107	106	-0.0222777281172647	-0.0452308482895508	0.000675392055021325	0.0569943312319203	0.0997400796558605
premrna_processing_not_selected	selected against	rrna_processing	comparator	rrna_processing	+ proliferation + splicing	107	228	-0.0101238932731552	-0.0415721373792794	0.0213243508329689	0.524451643287874	0.524451643287874
