tissue	programme	n_genes	n	rho_prolif	p_prolif	rho_prolif_raw	beta_age	p_age	beta_age_adj	p_age_adj	attenuation	FDR_prolif	FDR_age
culture	splicing 96	96	492	0.739225416322278	1.19038614715399e-85	0.724648630856452	-0.0252174596131422	0.3257577776737	-0.0529009699852612	0.00216636539160825	-1.09779140313133	4.25137909697854e-85	0.508996527615156
culture	pre-mRNA processing	289	492	0.691059060113659	1.14500779238166e-70	0.682628766403822	-0.0250813237016453	0.204020033828848	-0.0448360082243512	0.00182119744581397	-0.787625276787524	2.86251948095414e-70	0.411417318700321
culture	mRNA splicing	201	492	0.689292436770391	3.56755600499792e-70	0.68486810391965	-0.0260261715277178	0.213937005724167	-0.0468225272959461	0.00228549285237546	-0.799055510184441	8.10808182954072e-70	0.411417318700321
culture	translation	366	492	0.74789036476394	1.05354303210892e-88	0.78299929132612	0.00391731541266783	0.810003643276951	-0.0120640774843015	0.316228690791114	4.07967988620183	5.2677151605446e-88	0.880438742692338
culture	rRNA processing	191	492	0.700923756695873	1.72196385610606e-73	0.743044923448832	0.00574147990430476	0.717683044212295	-0.00942350164854803	0.431658012762624	2.64130186042846	4.78323293362794e-73	0.880090473255109
culture	proteasome	281	492	0.27263261338033	8.79405588481795e-10	0.29766128626108	-0.0225499253268775	0.00085276586522477	-0.0248270270031614	0.000171007635236259	-0.100980453073596	1.04691141485928e-09	0.0202365066576616
culture	autophagy	139	492	0.435356830609407	4.92161826800249e-24	0.454460238718775	-0.0149950740128854	0.0465972135584776	-0.0195273997680386	0.00459083480098919	-0.302254310399435	7.69002854375389e-24	0.232986067792388
culture	chaperone / HSF1	35	492	0.166506038591244	0.000216936207776338	0.137977095804075	-0.0133267128297354	0.132172653383204	-0.0158503691803282	0.0688164579846825	-0.189368254785373	0.000235800225843845	0.330431633458011
culture	unfolded protein response	91	492	0.702708718341113	5.16188543658282e-74	0.72227960961782	-0.00733860369932134	0.542821429363342	-0.0192370501081511	0.0302522935363238	-1.62135017727284	1.61308919893213e-73	0.798266807887268
culture	DNA double-strand repair	169	492	0.895354293475101	3.35363595940536e-173	0.867190197997007	-0.000317191015058318	0.987702439727161	-0.0271407032714166	0.00273755138638896	-84.5658009935325	4.1920449492567e-172	0.987702439727161
culture	base excision repair	43	492	0.854464111993421	1.31928609217765e-140	0.828065644065846	-0.00131421223856506	0.949456120338998	-0.0268932110239082	0.0139671645137756	-19.4633697927451	1.09940507681471e-139	0.987702439727161
culture	telomere maintenance	62	492	0.80880970011536	2.30006154315923e-114	0.782845145763785	-0.0106113997552648	0.629245144129045	-0.0365537506860746	0.00441376882941649	-2.44476238094213	1.43753846447452e-113	0.873951589068117
culture	chromatin organisation	294	492	0.433340322711796	8.36382197820515e-24	0.443055625503626	-0.0205996558204802	0.0363277300691896	-0.0264496824166882	0.00336208355949406	-0.283986618377955	1.22997382032429e-23	0.227048312932435
culture	mitochondrial translation	132	492	0.422552866956728	1.34420070255639e-22	0.449124320104754	-0.0358609047096605	0.0747612069311661	-0.0472419005673109	0.0111526637837231	-0.317364995384081	1.8669454202172e-22	0.26700431046845
culture	respiratory electron transport	153	492	0.668954453804256	9.75810314210608e-65	0.702744312622309	-0.0054903003391042	0.774479616464495	-0.0211173087260099	0.184229579423053	-2.84629390410642	2.03293815460543e-64	0.880090473255109
culture	TCA cycle	33	492	0.742426457615398	9.16524049855529e-87	0.783490596581098	0.0179996132204859	0.310115121630138	0.000303980659900326	0.981181007589259	0.983111822672148	3.81885020773137e-86	0.508996527615156
culture	interferon signalling	309	492	0.592875690595766	9.62027318537678e-48	0.628494715523196	-0.00173319498229057	0.738087283023235	-0.00588821544327793	0.174411416756027	-2.39731853798477	1.71790592596014e-47	0.880090473255109
culture	NF-kB / TNF	33	492	-0.564558329553997	1.65276429815863e-42	-0.614357031339933	-0.033817223749818	0.00161892053261293	-0.0244284500044797	0.0042442649984705	0.277632895438047	2.75460716359772e-42	0.0202365066576616
culture	extracellular matrix	288	492	-0.214405280302457	1.71124709422603e-06	-0.25263441421089	0.0142550720048428	0.115365735768605	0.0166072245009748	0.0632139388705056	-0.165004602946437	1.9445989707114e-06	0.330431633458011
culture	collagen formation	83	492	0.0488319761142609	0.281159731098925	0.0224422988373432	0.01709838636837	0.120582341406132	0.0154640688288929	0.159377754328234	0.095583144763909	0.281159731098925	0.330431633458011
culture	insulin / IGF signalling	69	492	-0.0812519780428054	0.0726339987996978	-0.107973030821918	-0.00753112246850633	0.194941755782007	-0.00693171798110814	0.233146422295562	0.0795903253339434	0.0756604154163518	0.411417318700321
culture	mTOR signalling	23	492	0.411935997713959	1.87812531012113e-21	0.425621258777484	-0.0110065114502365	0.301366022197728	-0.0159428309635113	0.115506963133522	-0.44849083522906	2.34765663765141e-21	0.508996527615156
culture	cellular senescence	125	492	0.634385646228159	2.00576064936195e-56	0.622293369402556	-0.0143410626705155	0.0690437585676525	-0.0216322441418899	0.000404687568497834	-0.508412914641584	3.85723201800374e-56	0.26700431046845
culture	interleukin signalling	386	492	0.419205421527534	3.11866037105562e-22	0.443046542247036	-0.0101834281293205	0.0248242117707826	-0.0131174323446969	0.00131387214588405	-0.288115571506677	4.10350048823107e-22	0.206868431423189
culture	cell cycle (positive control)	463	492	0.940920238160132	3.62651282222571e-231	0.927288980660758	0.00636706426366458	0.748450363861292	-0.0207649306513641	0.00180132782140228	4.26130376441541	9.06628205556428e-230	0.880090473255109
legskin	splicing 96	96	739	0.225063236113106	6.62367008914273e-10	0.22723346799719	-0.0315851599393445	0.037321284476943	-0.0241481394368054	0.101023979910407	0.235459327001066	2.0698969028571e-09	0.0848211010839614
legskin	pre-mRNA processing	289	739	0.14488308566661	7.98898088398644e-05	0.188956166305254	-0.0138086547699588	0.20195681537307	-0.0103267457843994	0.334833708049067	0.252154105056951	0.000133149681399774	0.240424780206036
legskin	mRNA splicing	201	739	0.133975789050214	0.000267455496074817	0.173224103670653	-0.0118554786603149	0.307944201159933	-0.00854535515360446	0.459037105108531	0.27920623043174	0.000393316905992378	0.349936592227197
legskin	translation	366	739	0.212773590779466	5.56033982055506e-09	0.191859392974941	-0.0457446896054224	0.00235857872267772	-0.03834704519857	0.00860378817477576	0.161715916550354	1.54453883904307e-08	0.0294822340334715
legskin	rRNA processing	191	739	0.181707123804223	6.95624831626246e-07	0.180947041632213	-0.0371238215713321	0.03010402826404	-0.0293772409052252	0.0785500880478056	0.208668729086043	1.3377400608197e-06	0.0752600706601001
legskin	proteasome	289	739	0.15937564020339	1.39783912283267e-05	0.197959169110032	-0.0115446714363399	0.072010310708375	-0.00947455553108819	0.135570163955314	0.179313540161523	2.49614129077262e-05	0.121741177100097
legskin	autophagy	141	739	0.0645270902111062	0.0802177404171014	0.0373157143413588	-0.0251944362234355	0.00419241519113979	-0.0233339568468289	0.00782059676917135	0.0738448505101303	0.0954973100203588	0.0310261313518672
legskin	chaperone / HSF1	36	739	0.209167013807431	1.01385069312438e-08	0.222443639058049	-0.0291175395021916	0.0127245692865232	-0.0251269166292213	0.0294540937718893	0.137052200879469	2.53462673281094e-08	0.0506296271597805
legskin	unfolded protein response	90	739	0.0270462944544597	0.46378141336349	0.0209450019014691	-0.0124044801891565	0.116912248977436	-0.0118635806228582	0.134769466035772	0.0436051779719947	0.483105638920302	0.153831906549258
legskin	DNA double-strand repair	169	739	0.642465142458542	6.53430169481502e-87	0.675985708801973	-0.0156454860127893	0.0774555204345026	-0.00473146451927151	0.493064577009242	0.697582771452174	8.16787711851877e-86	0.121741177100097
legskin	base excision repair	43	739	0.617794331510956	1.13513729966458e-78	0.629052426134838	-0.0056495863742703	0.567381824333085	0.00605359024863228	0.443168880235654	2.07151034564263	9.45947749720486e-78	0.567381824333085
legskin	telomere maintenance	63	739	0.606361075752805	4.2719611033695e-75	0.626806878828398	-0.018341396013886	0.0684250027398533	-0.00641257218997011	0.424485963558855	0.650377093155001	2.66997568960594e-74	0.121741177100097
legskin	chromatin organisation	298	739	0.141541227685985	0.000116773137541819	0.187409509248514	-0.0164901600253707	0.0162190599188783	-0.0144153715482348	0.0339243989648988	0.125819790344284	0.000182458027409091	0.0506296271597805
legskin	mitochondrial translation	132	739	0.227440265771564	4.32578295379927e-10	0.121397370174558	-0.0433394354881523	0.00154413382757505	-0.0368663237105592	0.00562198979123303	0.149358470055814	1.54492248349974e-09	0.0294822340334715
legskin	respiratory electron transport	154	739	0.26219478001385	4.90521333117349e-13	0.223229202997512	-0.0262092123806406	0.0633827643946762	-0.0198677131485606	0.149358995825343	0.241956879130185	2.45260666558675e-12	0.121741177100097
legskin	TCA cycle	33	739	0.192343724958663	1.45265303294219e-07	0.201142724955392	-0.0251070172112829	0.0779143533440619	-0.019909887159973	0.155966561330912	0.206999103381122	3.30148416577771e-07	0.121741177100097
legskin	interferon signalling	317	739	0.242792004850159	2.4601306297737e-11	0.301079838213077	-0.00707392275188242	0.332536055323203	-0.00303698011828265	0.665494789320527	0.570679490743027	1.02505442907238e-10	0.351504672989759
legskin	NF-kB / TNF	33	739	0.0418953855997983	0.256308335806729	0.0443129125362862	-0.0160739287730046	0.115630190540832	-0.0140555020293792	0.168029946839101	0.125571462467547	0.291259472507646	0.153831906549258
legskin	extracellular matrix	311	739	-0.102701751224805	0.00528922072075211	-0.0682982133921109	0.0294048127039303	0.00666386963423076	0.0265492874573248	0.0136946486218902	0.0971108122795068	0.00661152590094014	0.0333193481711538
legskin	collagen formation	90	739	0.029926447785123	0.417546131593795	0.0814312249475126	0.0273723517285936	0.0178072053349737	0.0272856323083604	0.0185557045999614	0.00316813918997583	0.45385449086282	0.0506296271597805
legskin	insulin / IGF signalling	72	739	-0.105499304380456	0.00416667985484481	-0.13403281825672	-0.0105699222400081	0.089411665443555	-0.0117514367907879	0.0586804495749429	-0.111780817677892	0.00548247349321686	0.131487743299346
legskin	mTOR signalling	23	739	0.12932157544521	0.000436087588096496	0.0866857913724147	-0.028556603244982	0.018226665777521	-0.0245930237283638	0.0397282309091255	0.13879730311814	0.000605677205689578	0.0506296271597805
legskin	cellular senescence	126	739	0.18541762000292	4.06917119247721e-07	0.241206604802763	-0.00634753336362138	0.199468614458078	-0.00427438203053944	0.377866828789039	0.326607394450807	8.47743998432752e-07	0.240424780206036
legskin	interleukin signalling	425	739	-0.0161162813032512	0.662467505174519	0.00287783410328709	0.00640732323537119	0.337444486070169	0.00735626892595495	0.271144476379881	-0.148103296138577	0.662467505174519	0.351504672989759
legskin	cell cycle (positive control)	465	739	0.67006501864748	4.45108428110961e-97	0.701407176343643	-0.0231816501956772	0.00496418101629875	-0.0121161064005893	0.0439169435019026	0.477340642347856	1.1127710702774e-95	0.0310261313518672
pubskin	splicing 96	96	626	0.0555195866517878	0.166342605247558	0.0725449837198282	-0.0229921652637886	0.158417687447893	-0.0239942439840386	0.138486671876819	-0.0435834863203677	0.244621478305233	0.777573461762558
pubskin	pre-mRNA processing	290	626	-0.0247205955638443	0.537973565345669	0.0376091352400752	-0.00102273593999981	0.926816891650229	-0.00126131560217959	0.909820521284462	-0.233275914973539	0.672466956682086	0.965182636288832
pubskin	mRNA splicing	201	626	-0.0443544888943241	0.268983122833494	0.011540070623844	-0.0024833062400425	0.839325217232991	-0.00262489758419015	0.830425498119817	-0.0570172707113341	0.353925161623019	0.953778655946581
pubskin	translation	366	626	0.0891715119922956	0.0260353860537783	0.0725812311784399	-0.013967569358112	0.372077749572931	-0.0153284325566461	0.320446383727687	-0.0974302087674088	0.054240387612038	0.777573461762558
pubskin	rRNA processing	191	626	0.00659574116819787	0.86949446688508	0.000824128284696639	-0.0253102731397909	0.175851903985893	-0.0261161874554346	0.161383551523075	-0.0318413914852871	0.86949446688508	0.777573461762558
pubskin	proteasome	289	626	0.0162387880826085	0.685821322837334	0.0688257792316982	0.00242084485344013	0.707663629866054	0.00218976666150343	0.734062833133203	0.0954535321040191	0.779342412315153	0.913666945407507
pubskin	autophagy	141	626	-0.0972784688995215	0.0151424403783147	-0.118784022501796	-0.0133257154743319	0.155194768602828	-0.0132024867624922	0.159324080430532	0.00924743681320928	0.0378561009457867	0.777573461762558
pubskin	chaperone / HSF1	36	626	0.0676438479294373	0.0916167961727139	0.0774284604919211	-0.0227245528376099	0.0902696689801042	-0.0232370973731448	0.0826745620917418	-0.0225546587956014	0.152694660287857	0.777573461762558
pubskin	unfolded protein response	90	626	-0.0758650748276442	0.0584223923646289	-0.059970980020484	-0.0177155660237064	0.0533584421539985	-0.0174202860316624	0.0571848243619807	0.0166678271328701	0.104325700651123	0.777573461762558
pubskin	DNA double-strand repair	169	626	0.583099194399009	5.07658755091318e-58	0.63375802620114	0.00811317985861951	0.365142800140242	0.00529229903332812	0.448201248533044	0.347691148778671	4.23048962576099e-57	0.777573461762558
pubskin	base excision repair	43	626	0.583435400583946	4.21859284303593e-58	0.6143167188957	0.00792235415427529	0.455247056845544	0.00472919994886828	0.577684198182691	0.40305623091639	4.23048962576099e-57	0.784234383232715
pubskin	telomere maintenance	63	626	0.517849170704863	4.8855776257571e-44	0.547721332375376	-0.0032582684692978	0.760660156706639	-0.00627529508381369	0.478519670528101	-0.925960105173933	3.05348601609819e-43	0.913666945407507
pubskin	chromatin organisation	298	626	0.0206917467936469	0.606215320898341	0.0960588715471514	-0.00702592766417903	0.348818051107658	-0.00730912855136918	0.328866017105758	-0.0403079708084697	0.721684905831358	0.777573461762558
pubskin	mitochondrial translation	132	626	0.134410835104025	0.000769812989771228	0.00244039316997111	-0.0130214381988186	0.367388371280383	-0.0143817468241323	0.311319031704957	-0.104466849555615	0.00274933210632581	0.777573461762558
pubskin	respiratory electron transport	154	626	0.244990433679319	5.74181373033889e-10	0.216880847486127	0.00614697190483186	0.685483644551055	0.00429707164377007	0.77061202609925	0.300944967652718	2.87090686516945e-09	0.913666945407507
pubskin	TCA cycle	33	626	0.177602299096565	8.21336854332645e-06	0.208918733662504	0.0127031738987302	0.40433820011653	0.0110390823028097	0.458217979425982	0.130998096159794	3.42223689305269e-05	0.777573461762558
pubskin	interferon signalling	317	626	0.0609143433664032	0.128818579126571	0.144001296299127	0.000522461164300245	0.947796985336637	5.03390799003842e-05	0.994936436939222	0.903650101978765	0.201279029885268	0.965182636288832
pubskin	NF-kB / TNF	33	626	-0.123514487059939	0.00201128829859119	-0.0759167800418851	-0.00514079786474744	0.652627584471719	-0.00476282999361585	0.676304082326087	0.0735231925229886	0.00628527593309747	0.913666945407507
pubskin	extracellular matrix	311	626	-0.0139925218215449	0.727413230723596	0.00922532063530887	-0.00617014933696543	0.630166514197194	-0.0057558272868316	0.652966675993007	0.0671494363437244	0.790666555134344	0.913666945407507
pubskin	collagen formation	90	626	0.085666857238944	0.0325265519710632	0.119066909213201	-0.0113311630947468	0.383288622524026	-0.0114838183465259	0.377271327711902	-0.013472160845506	0.0625510614828138	0.777573461762558
pubskin	insulin / IGF signalling	71	626	-0.114145375055414	0.00433533448578024	-0.129794053533485	-0.00797721508310673	0.258235284470393	-0.00766824864688172	0.275764293268071	0.0387311151832058	0.012042595793834	0.777573461762558
pubskin	mTOR signalling	23	626	-0.00668721586132045	0.86770104337387	-0.0228178730299463	-0.0145993769306162	0.255056570508515	-0.0150783656923451	0.238985416220127	-0.0328088495834693	0.86949446688508	0.777573461762558
pubskin	cellular senescence	126	626	0.0469517342586789	0.241918208470615	0.118631254872587	-0.00391834859657702	0.470540629939629	-0.00426845692098387	0.428468570862111	-0.0893509895246931	0.335997511764743	0.784234383232715
pubskin	interleukin signalling	423	626	-0.0947375269425379	0.0180194348903792	-0.0631474020514545	-0.000331814642605672	0.965182636288832	-8.86625831171267e-05	0.990684367521511	0.732794844673286	0.0409532611144982	0.965182636288832
pubskin	cell cycle (positive control)	465	626	0.59664209609123	2.46109281519938e-61	0.66322241619151	0.00250624539230018	0.767480234142306	-0.000287965261591076	0.964080218341867	1.11489906873277	6.15273203799845e-60	0.913666945407507
muscle	splicing 96	96	839	-0.115199121256736	0.000847000299474975	-0.133492882561554	0.0119767265331251	0.308535956821393	0.0155313797283716	0.187794934481492	-0.296796723663603	0.00117638930482635	0.539934409783328
muscle	pre-mRNA processing	288	839	-0.131491104268675	0.000137419497941498	-0.160896432726603	0.00750187815025512	0.408215065519193	0.0110378194371637	0.223490476786835	-0.471340805074043	0.000229032496569163	0.637836039873739
muscle	mRNA splicing	201	839	-0.139065896398185	5.4716888922937e-05	-0.164816560718177	0.00689177232600448	0.476724094470719	0.0111675263544717	0.247719516844424	-0.620414289127579	9.77087302195304e-05	0.701064844809881
muscle	translation	366	839	-0.212899145679817	5.0383893414884e-10	-0.219281961421285	-0.0374112570634555	0.00181983217053083	-0.0307426837019393	0.00969571973307315	0.178250448794203	1.14508848670191e-09	0.00747301181830765
muscle	rRNA processing	191	839	-0.10748026952353	0.00185813455726043	-0.116449798377511	-0.0158696110401401	0.254571460261697	-0.0113592240123531	0.415488090413431	0.284215348213547	0.00244491389113215	0.489560500503264
muscle	proteasome	290	839	-0.366573986289752	5.49531115714089e-28	-0.370198538109962	-0.0234125595853766	0.000242106314181055	-0.0170777983386863	0.00507903056316487	0.270571067789057	1.37382778928522e-26	0.00220982558303704
muscle	autophagy	139	839	-0.325692857610187	4.1354968129482e-22	-0.328959170379232	-0.0216286846242631	0.00329991483132381	-0.0152937492606339	0.0319633982150418	0.292895082326117	3.4462473441235e-21	0.00916643008701059
muscle	chaperone / HSF1	35	839	-0.310364285897154	3.99510490851177e-20	-0.30765240957466	-0.0114569916640561	0.323960645869997	0.00163281708867167	0.881449494649274	1.14251708795375	2.49694056781985e-19	0.539934409783328
muscle	unfolded protein response	90	839	-0.160598479266999	3.05826921452132e-06	-0.181869824572383	-0.00997224649829041	0.151185615811736	-0.00788759756755299	0.257290778270968	0.209045066334331	6.37139419691941e-06	0.314970032941118
muscle	DNA double-strand repair	169	839	-0.0478284589442321	0.167089144212993	-0.101057080519362	-0.000164406800841678	0.982262877371295	-0.00129182197197431	0.862104142016338	-6.85747283786831	0.181618635014123	0.993229832515233
muscle	base excision repair	42	839	0.295232256997457	2.81801427694292e-18	0.282740745135601	0.0200373788483374	0.0115688149730111	0.0123060986075937	0.105566566805189	0.385842893886551	1.00643367033676e-17	0.0289220374325276
muscle	telomere maintenance	62	839	0.0900062662879802	0.00921955638312789	0.041344760842771	0.00132156757776473	0.860219824092322	-0.00228579888962154	0.759647510700942	2.72961180955097	0.0109756623608665	0.993229832515233
muscle	chromatin organisation	298	839	-0.306069846760406	1.37144808544195e-19	-0.324195552073381	-5.25362806696977e-05	0.993229832515233	0.00537726679819358	0.370034633286426	103.353397112391	5.71436702267479e-19	0.993229832515233
muscle	mitochondrial translation	132	839	-0.154091252107557	7.62570322931502e-06	-0.157828450816751	-0.0532812521193014	0.000617926087226237	-0.0460269091493273	0.00296222968960214	0.136151886103032	1.46648139025289e-05	0.00386203804516398
muscle	respiratory electron transport	155	839	-0.118909397684562	0.000570653265577605	-0.108911437682335	-0.0486455997559538	0.00290964254696571	-0.0416368100892448	0.0105985261563544	0.144078595019298	0.000839195978790596	0.00909263295926785
muscle	TCA cycle	33	839	-0.102836998895069	0.00291234884937502	-0.0960120684967858	-0.0358242271822542	0.0338268872149369	-0.0291115894518939	0.0841889717288714	0.187377042251603	0.00364043606171878	0.0768792891248567
muscle	interferon signalling	310	839	0.011745652915104	0.734524283914664	0.00323457495508551	0.000247679885463101	0.963003096649601	0.000398354300109518	0.940930618449114	-0.608343363711965	0.734524283914664	0.993229832515233
muscle	NF-kB / TNF	33	839	-0.35641443164321	1.91526716376892e-26	-0.363196956908501	-0.0237073381156615	0.000255556519893731	-0.0166962914954873	0.00648024195438244	0.295733185479079	2.39408395471115e-25	0.00220982558303704
muscle	extracellular matrix	295	839	0.221474288510139	9.50488850339261e-11	0.241359004253517	0.0293318191428924	0.00185895769580975	0.0236333470771798	0.0111383381778479	0.194276121707691	2.64024680649795e-10	0.00747301181830765
muscle	collagen formation	85	839	0.240151301189416	1.97143247316733e-12	0.26158824392359	0.0332905843772775	0.00209244330912614	0.0258016619231024	0.0151685204025822	0.22495617287171	6.16072647864792e-12	0.00747301181830765
muscle	insulin / IGF signalling	71	839	-0.0733064665897536	0.0340702670914962	-0.0955491474881816	-6.5714128404365e-05	0.986282996502571	-0.000111754197418643	0.976832923473454	-0.700611423025733	0.038716212603973	0.993229832515233
muscle	mTOR signalling	23	839	-0.309413756655899	5.25838535043868e-20	-0.314897591705418	-0.0372015287928372	0.000265179069964445	-0.0292476869211126	0.00327687537992382	0.213804166920582	2.62919267521934e-19	0.00220982558303704
muscle	cellular senescence	124	839	-0.21306065904932	4.88569630327146e-10	-0.245615325503589	-0.000352105721829088	0.931470268554638	0.00177000390290165	0.663542717711969	6.0269103657475	1.14508848670191e-09	0.993229832515233
muscle	interleukin signalling	403	839	-0.130600779344169	0.000152644698307008	-0.14884555225625	-0.00160262242776461	0.753037174796344	-0.00057915636776708	0.909906396846362	0.638619578926706	0.000238507341104699	0.990838387889926
muscle	cell cycle (positive control)	461	839	0.0305453499226061	0.377743078229624	-0.0568869633982949	-0.00259993976261542	0.594907918085309	-0.0049403072964283	0.310285799094775	-0.900162214319371	0.393482373155859	0.826260997340706
